Product_Name,Discounted_Price,Discount,Original_Price,Rating,No_of_ratings,itemURL,Platform
"SHRILALMAHAL Fitness Brown Basmati Rice (Weight Loss Special), (4 Kg : 4 x 1 Kg Jars) | Low Glycemic Index | Gluten Free | Immunity Booster",559.0,20.0,700.0,3.9,0,https://www.amazon.in/gp/slredirect/picassoRedirect.html/ref=pa_sp_atf_browse_grocery_sr_pg2_1?ie=UTF8&adId=A07527491I4A4JEBHYATH&url=%2FSHRILALMAHAL-Fitness-Basmati-Weight-Special%2Fdp%2FB07DXZX8FR%2Fref%3Dsr_1_25_sspa%3Fdchild%3D1%26qid%3D1591099869%26s%3Dgrocery%26sr%3D1-25-spons%26psc%3D1&qualifier=1591153668&id=7419645237651369&widgetName=sp_atf_browse,Amazon
"NutroActive BrownXatta, HIGH Protein & Low Carb Keto Friendly Flour 850 gm",312.0,4.0,324.0,3.8,0,https://www.amazon.in/gp/slredirect/picassoRedirect.html/ref=pa_sp_atf_browse_grocery_sr_pg2_2?ie=UTF8&adId=A01572809A9YCMV2SC8Z&url=%2FNutroActive-BrownXatta-Protein-Friendly-Flour%2Fdp%2FB06XQMG23M%2Fref%3Dsr_1_26_sspa%3Fdchild%3D1%26qid%3D1591099869%26s%3Dgrocery%26sr%3D1-26-spons%26psc%3D1&qualifier=1591153668&id=7419645237651369&widgetName=sp_atf_browse,Amazon
NutroActive BrownXatta High Protein & Low Carb Keto Friendly Flour - 9 Kg (Family Pack),2098.0,17.0,2520.0,3.7,0,https://www.amazon.in/gp/slredirect/picassoRedirect.html/ref=pa_sp_atf_browse_grocery_sr_pg2_3?ie=UTF8&adId=A06901593JG6DRJFNJL2V&url=%2FNutroActive-BrownXatta-Protein-Friendly-Flour%2Fdp%2FB07FYNC42F%2Fref%3Dsr_1_27_sspa%3Fdchild%3D1%26qid%3D1591099869%26s%3Dgrocery%26sr%3D1-27-spons%26psc%3D1&qualifier=1591153668&id=7419645237651369&widgetName=sp_atf_browse,Amazon
Toor Dal Economy 1Kg,102.0,15.0,120.0,4.1,66,https://www.amazon.in/ASOP-Toor-Dal-Economy-1Kg/dp/B0851STWDX/ref=sr_1_28?dchild=1&qid=1591099869&s=pantry&sr=1-28,Amazon
"Amazon Brand - Vedaka Popular Chana Dal, 1 kg",85.0,29.0,120.0,4.3,100,https://www.amazon.in/Amazon-Brand-Vedaka-Popular-Chana/dp/B081QWFXKG/ref=sr_1_29?dchild=1&qid=1591099869&s=pantry&sr=1-29,Amazon
"Daawat Rozana Gold Basmati Rice, 5kg",374.0,16.0,446.0,3.8,649,https://www.amazon.in/Daawat-Rozana-Gold-Basmati-Rice/dp/B01H5MBCDY/ref=sr_1_31?dchild=1&qid=1591099869&s=pantry&sr=1-31,Amazon
"Daawat Super Basmati, 1kg with 25% Extra",139.0,13.0,160.0,4.2,770,https://www.amazon.in/Daawat-Super-Basmati-1kg-Extra/dp/B01IPARDJM/ref=sr_1_32?dchild=1&qid=1591099869&s=pantry&sr=1-32,Amazon
"Amazon Brand - Vedaka Premium Toor Dal, 1kg",118.0,16.0,140.0,4.2,1183,https://www.amazon.in/Amazon-Brand-Vedaka-Premium-Arhar/dp/B079NR7HVG/ref=sr_1_33?dchild=1&qid=1591099869&s=pantry&sr=1-33,Amazon
Kabuli Chana Economy 1Kg,81.0,10.0,90.0,3.9,97,https://www.amazon.in/ASOP-Kabuli-Chana-Economy-1Kg/dp/B0851T6VQ3/ref=sr_1_35?dchild=1&qid=1591099869&s=pantry&sr=1-35,Amazon
"Fortune Chakki Fresh Atta, 5kg",199.0,26.0,270.0,4.0,221,https://www.amazon.in/Fortune-Chakki-Fresh-Atta-5kg/dp/B07VHDS3T3/ref=sr_1_36?dchild=1&qid=1591099869&s=pantry&sr=1-36,Amazon
"Fortune Everyday Basmati Rice, 1kg",76.0,49.0,149.0,4.1,575,https://www.amazon.in/Fortune-Everyday-Basmati-Rice-1kg/dp/B01H5L5TA2/ref=sr_1_38?dchild=1&qid=1591099869&s=pantry&sr=1-38,Amazon
Earthspired Special Multigrain Flour with Low Glycemic Index Ingredients (1kg),250.0,15.0,295.0,3.4,0,https://www.amazon.in/gp/slredirect/picassoRedirect.html/ref=pa_sp_mtf_browse_grocery_sr_pg2_2?ie=UTF8&adId=A08328631GG0WFE6RAK3X&url=%2FEarthspired-Special-Multigrain-Glycemic-Ingredients%2Fdp%2FB01MU3ITN7%2Fref%3Dsr_1_41_sspa%3Fdchild%3D1%26qid%3D1591099869%26s%3Dgrocery%26sr%3D1-41-spons%26psc%3D1&qualifier=1591153668&id=7419645237651369&widgetName=sp_mtf_browse,Amazon
"NutroActive BrownXatta Atta, High Protein & Low Carb Keto Friendly Flour - 3.4 Kg",1048.0,4.0,1089.0,3.8,0,https://www.amazon.in/gp/slredirect/picassoRedirect.html/ref=pa_sp_mtf_browse_grocery_sr_pg2_3?ie=UTF8&adId=A01571248RAU0GR0T2SU&url=%2FNutroActive-BrownXatta-Protein-Friendly-Flour%2Fdp%2FB071GYHG8M%2Fref%3Dsr_1_42_sspa%3Fdchild%3D1%26qid%3D1591099869%26s%3Dgrocery%26sr%3D1-42-spons%26psc%3D1&qualifier=1591153668&id=7419645237651369&widgetName=sp_mtf_browse,Amazon
"Amazon Brand - Vedaka Popular Kabuli Chana / Chhole, 500g",56.0,49.0,110.0,4.2,2442,https://www.amazon.in/Amazon-Brand-Vedaka-Popular-Kabuli/dp/B079NF7Y5J/ref=sr_1_44?dchild=1&qid=1591099869&s=pantry&sr=1-44,Amazon
"Amazon Brand - Vedaka Premium Black Chana, 1 kg",100.0,29.0,140.0,4.3,668,https://www.amazon.in/Amazon-Brand-Vedaka-Premium-Black/dp/B079NF3YC6/ref=sr_1_45?dchild=1&qid=1591099869&s=pantry&sr=1-45,Amazon
"Amazon Brand - Vedaka Premium Kabuli Chana / Chhole, 1 kg",114.0,53.0,240.0,4.3,960,https://www.amazon.in/Amazon-Brand-Vedaka-Premium-Kabuli/dp/B079NR7HXW/ref=sr_1_46?dchild=1&qid=1591099869&s=pantry&sr=1-46,Amazon
"Amazon Brand - Vedaka Kolam Rice, Raw, 5kg",389.0,14.0,450.0,3.9,149,https://www.amazon.in/Amazon-Brand-Vedaka-Kolam-Rice/dp/B079TD524S/ref=sr_1_47?dchild=1&qid=1591099869&s=pantry&sr=1-47,Amazon
"Kohinoor Super Value Basmati Rice, Blue, 1kg (20% extra)",135.0,16.0,160.0,4.3,577,https://www.amazon.in/Kohinoor-Super-Value-Basmati-1-2kg/dp/B07NQTJ91J/ref=sr_1_48?dchild=1&qid=1591099869&s=pantry&sr=1-48,Amazon
"Kohinoor Authentic Basmati Biryani Kit, Hyderabadi, 327g",91.0,27.0,125.0,4.3,669,https://www.amazon.in/Kohinoor-Authentic-Basmati-Biryani-Hyderabadi/dp/B07H3T8K39/ref=sr_1_49?dchild=1&qid=1591099869&s=pantry&sr=1-49,Amazon
"Kohinoor Super Value Basmati Rice, Blue 5kg",559.0,31.0,810.0,4.2,835,https://www.amazon.in/Kohinoor-Super-Value-Basmati-Rice/dp/B07NQVNZ5K/ref=sr_1_50?dchild=1&qid=1591099869&s=pantry&sr=1-50,Amazon
"24 Mantra Organic, Whole Wheat Atta, 5Kg",246.0,9.0,270.0,3.6,598,https://www.amazon.in/24-Mantra-Organic-Wholewheat-Premium/dp/B01CHV0AGS/ref=sr_1_51?dchild=1&qid=1591099869&s=pantry&sr=1-51,Amazon
"Amazon Brand - Vedaka Popular Toor Dal, 1kg",112.0,7.0,120.0,4.4,72,https://www.amazon.in/Amazon-Brand-Vedaka-Popular-Toor/dp/B081QX5BV2/ref=sr_1_53?dchild=1&qid=1591099869&s=pantry&sr=1-53,Amazon
ASOP Urad Dhuli Economy 1Kg,125.0,26.0,170.0,3.7,28,https://www.amazon.in/ASOP-Urad-Dhuli-Economy-1Kg/dp/B0851SFWX1/ref=sr_1_54?dchild=1&qid=1591099869&s=pantry&sr=1-54,Amazon
Moong Dhuli Economy 1Kg,130.0,13.0,150.0,3.9,49,https://www.amazon.in/ASOP-Moong-Dhuli-Economy-1Kg/dp/B0851SRQKK/ref=sr_1_53?dchild=1&qid=1591099869&s=pantry&sr=1-53,Amazon
"Fortune Special Biryani Basmati Rice, 5kg",561.0,32.0,825.0,4.3,534,https://www.amazon.in/Fortune-Special-Biryani-Basmati-Rice/dp/B01H5L60R8/ref=sr_1_56?dchild=1&qid=1591099869&s=pantry&sr=1-56,Amazon
"Amazon Brand - Vedaka Sona Masoori Raw Rice, 5Kg, White",330.0,8.0,360.0,3.6,732,https://www.amazon.in/Amazon-Brand-Vedaka-Masoori-White/dp/B0748NKCK1/ref=sr_1_57?dchild=1&qid=1591099869&s=pantry&sr=1-57,Amazon
"Kohinoor Charminar Select Basmati Rice, 5kg",399.0,26.0,540.0,4.1,315,https://www.amazon.in/Kohinoor-Charminar-Basmati-Rice-5kg/dp/B01GCEWQEK/ref=sr_1_58?dchild=1&qid=1591099869&s=pantry&sr=1-58,Amazon
"Amazon Brand - Vedaka Sona Masoori Rice, Steamed, 5kg",295.0,16.0,350.0,4.0,403,https://www.amazon.in/Amazon-Brand-Vedaka-Masoori-Steamed/dp/B07KXH75VX/ref=sr_1_60?dchild=1&qid=1591099869&s=pantry&sr=1-60,Amazon
"24 Mantra Organic Sonamasuri Brown Rice, 1kg",86.0,9.0,95.0,4.0,426,https://www.amazon.in/24-Mantra-Organic-Sonamasuri-Brown/dp/B01CHVDTLG/ref=sr_1_61?dchild=1&qid=1591099869&s=pantry&sr=1-61,Amazon
"Amazon Brand - Vedaka Sabudana (Sago), Medium, 500g",56.0,14.0,65.0,4.4,473,https://www.amazon.in/Amazon-Brand-Vedaka-Sabudana-Medium/dp/B07M92GV1V/ref=sr_1_62?dchild=1&qid=1591099869&s=pantry&sr=1-62,Amazon
ASOP Chana Dal Economy 1Kg,77.0,14.0,90.0,4.2,48,https://www.amazon.in/ASOP-Chana-Dal-Economy-1Kg/dp/B0851T2C6R/ref=sr_1_63?dchild=1&qid=1591099869&s=pantry&sr=1-63,Amazon
"Fortune Special Biryani Basmati Rice, 1kg",111.0,37.0,175.0,4.2,364,https://www.amazon.in/Fortune-Special-Biryani-Basmati-Rice/dp/B01CHUQLTE/ref=sr_1_67?dchild=1&qid=1591099869&s=pantry&sr=1-67,Amazon
"India Gate Basmati Rice Regular Choice, 5kg",319.0,28.0,445.0,3.7,368,https://www.amazon.in/India-Gate-Basmati-Regular-Choice/dp/B075L4GRGR/ref=sr_1_70?dchild=1&qid=1591099869&s=pantry&sr=1-70,Amazon
"Aashirvaad Superior MP Atta, 5kg",244.0,10.0,270.0,4.1,389,https://www.amazon.in/Aashirvaad-Superior-MP-Atta-5kg/dp/B06ZZ3BT6W/ref=sr_1_71?dchild=1&qid=1591099869&s=pantry&sr=1-71,Amazon
"24 Mantra Organic Toor Dal/Tur Dal/Arhar Dal, 1Kg",175.0,10.0,195.0,4.3,359,https://www.amazon.in/24-Mantra-Organic-Toor-Dal/dp/B01CHUY1KU/ref=sr_1_72?dchild=1&qid=1591099869&s=pantry&sr=1-72,Amazon
"India Gate Basmati Rice Bag, Mogra, 5kg (Broken rice)",299.0,21.0,380.0,3.4,484,https://www.amazon.in/India-Gate-Basmati-Mogra-Broken/dp/B01JYTZ908/ref=sr_1_73?dchild=1&qid=1591099869&s=pantry&sr=1-73,Amazon
"Amazon Brand - Vedaka Popular Black Urad Split / Chilka, 500g",75.0,6.0,80.0,4.3,632,https://www.amazon.in/Amazon-Brand-Vedaka-Popular-Chilka/dp/B079NSRBR9/ref=sr_1_74?dchild=1&qid=1591099869&s=pantry&sr=1-74,Amazon
Kohinoor Charminar Rozana Basmati Rice 5 kg,337.0,28.0,470.0,3.8,394,https://www.amazon.in/Charminar-Rozana-Basmati-Rice-KG/dp/B01MR82XEF/ref=sr_1_75?dchild=1&qid=1591099869&s=pantry&sr=1-75,Amazon
"Amazon Brand - Vedaka Premium Chana Dal, 500g",46.0,34.0,70.0,4.3,908,https://www.amazon.in/Amazon-Brand-Vedaka-Premium-Chana/dp/B079NNMJN4/ref=sr_1_77?dchild=1&qid=1591099869&s=pantry&sr=1-77,Amazon
"Daawat Brown Basmati Rice, 5kg",634.0,9.0,700.0,4.2,816,https://www.amazon.in/Daawat-Brown-Basmati-Rice-5kg/dp/B01H5MC7X8/ref=sr_1_78?dchild=1&qid=1591099869&s=pantry&sr=1-78,Amazon
"Kohinoor Super Silver Aged Basmati Rice, 5 Kg",599.0,40.0,999.0,4.1,533,https://www.amazon.in/Kohinoor-Super-Silver-Aged-Basmati/dp/B01COSFW9Y/ref=sr_1_76?dchild=1&qid=1591099869&s=grocery&sr=1-76,Amazon
Swastik Pure & Tasty Refined Fibrous Sattu 1.5 kg (Pack of 3pc 500g),370.0,24.0,490.0,4.3,48,https://www.amazon.in/Swastik-Tasty-Refined-Fibrous-Sattu/dp/B081RC61YN/ref=sr_1_77?dchild=1&qid=1591099869&s=grocery&sr=1-77,Amazon
"24 Mantra Organic Besan, 500g",72.0,15.0,85.0,4.4,287,https://www.amazon.in/24-Mantra-Organic-Besan-Flour/dp/B01CHV07UC/ref=sr_1_78?dchild=1&qid=1591099869&s=pantry&sr=1-78,Amazon
"Aashirvaad Select Superior Sharbati Atta, 5kg",274.0,6.0,290.0,4.4,414,https://www.amazon.in/Aashirvaad-Select-Superior-Sharbati-Atta/dp/B0744PC11K/ref=sr_1_79?dchild=1&qid=1591099869&s=pantry&sr=1-79,Amazon
"Daawat Rozana Mini Mogra Rice, 10kg",495.0,6.0,525.0,3.1,313,https://www.amazon.in/Daawat-Rozana-Mini-Mogra-Rice/dp/B01NA7U1CT/ref=sr_1_80?dchild=1&qid=1591099869&s=pantry&sr=1-80,Amazon
"Daawat Biryani Basmati Rice, 1kg",189.0,14.0,220.0,4.3,181,https://www.amazon.in/Daawat-Biryani-Basmati-Rice-1kg/dp/B01CHUQJ8W/ref=sr_1_81?dchild=1&qid=1591099869&s=pantry&sr=1-81,Amazon
"Amazon Brand - Vedaka Premium Chana Dal, 1 kg",92.0,34.0,140.0,4.3,908,https://www.amazon.in/Amazon-Brand-Vedaka-Premium-Chana/dp/B079NQH74R/ref=sr_1_82?dchild=1&qid=1591099869&s=pantry&sr=1-82,Amazon
"Amazon Brand - Vedaka Premium Red Rajma, 1kg",134.0,16.0,160.0,4.1,718,https://www.amazon.in/Amazon-Brand-Vedaka-Premium-Rajma/dp/B079N8SHFF/ref=sr_1_83?dchild=1&qid=1591099869&s=pantry&sr=1-83,Amazon
"Aashirvaad Superior MP Atta Bag, 10kg",459.0,6.0,490.0,3.9,316,https://www.amazon.in/Aashirvaad-Superior-Atta-Bag-10kg/dp/B071YF58K5/ref=sr_1_84?dchild=1&qid=1591099869&s=pantry&sr=1-84,Amazon
"Fitness Mantra White Quinoa Seeds Pouch, 1 kg",299.0,15.0,350.0,4.1,1395,https://www.amazon.in/Fitness-Mantra-White-Quinoa-Seeds/dp/B07H1C3H9S/ref=sr_1_86?dchild=1&qid=1591099869&s=grocery&sr=1-86,Amazon
"Fortune Sona Masoori Rice, 5kg",313.0,22.0,399.0,3.6,412,https://www.amazon.in/Fortune-Sona-Masoori-Regular-5kg/dp/B07GY2BN7L/ref=sr_1_87?dchild=1&qid=1591099869&s=pantry&sr=1-87,Amazon
"Fortune Everyday Basmati Rice, 5kg",381.0,49.0,740.0,4.0,113,https://www.amazon.in/Fortune-Everyday-Basmati-Rice-5kg/dp/B01H5L5UF6/ref=sr_1_91?dchild=1&qid=1591099869&s=pantry&sr=1-91,Amazon
"India Gate Basmati Rice Super, 1kg (with Free 500g)",183.0,4.0,190.0,4.2,626,https://www.amazon.in/India-Gate-Basmati-Rice-Super/dp/B06XSW7FV5/ref=sr_1_93?dchild=1&qid=1591099869&s=pantry&sr=1-93,Amazon
Tur Dal Loose 1 Kg,179.0,5.0,189.0,4.3,142,https://www.amazon.in/More-Tur-Dal-Loose-500gm/dp/B07M5T6R3S/ref=sr_1_96?dchild=1&qid=1591099869&s=grocery&sr=1-96,Amazon
"Aashirvaad Superior Mp Atta, 1kg",52.0,9.0,57.0,4.2,221,https://www.amazon.in/Aashirvaad-Superior-Mp-Atta-1kg/dp/B077SXQZ79/ref=sr_1_98?dchild=1&qid=1591099869&s=pantry&sr=1-98,Amazon
"Pillsbury Multi Grain Atta, 5kg",285.0,8.0,310.0,4.1,428,https://www.amazon.in/Pillsbury-Multi-Grain-Atta-5kg/dp/B01CHUZNH0/ref=sr_1_99?dchild=1&qid=1591099869&s=pantry&sr=1-99,Amazon
"Kohinoor Charminar Every Meal Rice (Mogra), 5 Kg",259.0,35.0,399.0,2.9,95,https://www.amazon.in/Kohinoor-Charminar-Every-Meal-Mogra/dp/B0824G1C26/ref=sr_1_100?dchild=1&qid=1591099869&s=pantry&sr=1-100,Amazon
"Amazon Brand - Vedaka Premium White Lobia, 1kg",100.0,33.0,150.0,4.1,564,https://www.amazon.in/Vedaka-Premium-White-Lobia-1kg/dp/B07H3K9V7P/ref=sr_1_102?dchild=1&qid=1591099869&s=pantry&sr=1-102,Amazon
"Jiwa Gluten Free Atta, 1Kg",125.0,37.0,199.0,3.5,313,https://www.amazon.in/Jiwa-Gluten-Free-Atta-1Kg/dp/B01A84IP22/ref=sr_1_101?dchild=1&qid=1591099869&s=grocery&sr=1-101,Amazon
"India Gate Basmati Rice Pouch, Feast Rozzana, 1kg",84.0,14.0,98.0,3.8,290,https://www.amazon.in/India-Gate-Basmati-Pouch-Rozzana/dp/B01JYTZ3VI/ref=sr_1_103?dchild=1&qid=1591099869&s=pantry&sr=1-103,Amazon
"India Gate Basmati Rice Pouch, Classic, 1kg",186.0,14.0,216.0,4.3,252,https://www.amazon.in/India-Gate-Basmati-Pouch-Classic/dp/B01JYTYSQE/ref=sr_1_104?dchild=1&qid=1591099869&s=pantry&sr=1-104,Amazon
AGROPHILIA White Quinoa 1 Kg,319.0,9.0,350.0,4.2,468,https://www.amazon.in/Agrophilia-White-Quinoa-1-kg/dp/B079JVMPBQ/ref=sr_1_110?dchild=1&qid=1591099869&s=grocery&sr=1-110,Amazon
"India Gate Basmati Rice, Rozana, 5kg",379.0,22.0,485.0,4.0,291,https://www.amazon.in/India-Gate-Basmati-Rice-Rozana/dp/B07C3WX9ZF/ref=sr_1_111?dchild=1&qid=1591099869&s=pantry&sr=1-111,Amazon
"24 Mantra Organic Urad Dal White Split, 500g",124.0,5.0,130.0,4.4,49,https://www.amazon.in/24-Mantra-Organic-White-Split/dp/B01CHUXLM4/ref=sr_1_117?dchild=1&qid=1591099869&s=pantry&sr=1-117,Amazon
"Kohinoor Super Silver Aged Basmati Rice, 1 Kg",119.0,30.0,169.0,4.0,53,https://www.amazon.in/Kohinoor-Super-Silver-Basmati-Rice/dp/B01H5MA3UW/ref=sr_1_118?dchild=1&qid=1591099869&s=pantry&sr=1-118,Amazon
"Kohinoor Supreme Authentic Basmati Rice, 1kg",165.0,28.0,229.0,4.4,49,https://www.amazon.in/Kohinoor-Supreme-Authentic-Basmati-Rice/dp/B07PP85TRK/ref=sr_1_119?dchild=1&qid=1591099869&s=pantry&sr=1-119,Amazon
Tenali Double Horse Urad Dall Whole 1 Kg Pack of 4,488.0,24.0,640.0,4.5,30,https://www.amazon.in/Tenali-Double-Horse-Orid-Dall/dp/B07QCSB3JV/ref=sr_1_120?dchild=1&qid=1591099869&s=grocery&sr=1-120,Amazon
NutroActive Keto Atta (1g Net Carb Per Roti ) Extremely Low Carb Flour - 750 gm,523.0,13.0,599.0,3.5,485,https://www.amazon.in/NutroActive-Keto-Atta-Extremely-Flour/dp/B07PLYZN51/ref=sr_1_122?dchild=1&qid=1591099869&s=grocery&sr=1-122,Amazon
"India Gate Basmati Rice Dubar, 1kg",100.0,19.0,123.0,4.0,252,https://www.amazon.in/India-Gate-Basmati-Rice-Dubar/dp/B01CHUQRK2/ref=sr_1_123?dchild=1&qid=1591099869&s=pantry&sr=1-123,Amazon
"Kohinoor Authentic Basmati Biryani Kit, Awadhi, 327g",91.0,27.0,125.0,4.2,194,https://www.amazon.in/Kohinoor-Authentic-Basmati-Biryani-Awadhi/dp/B07H37JL6D/ref=sr_1_126?dchild=1&qid=1591099869&s=pantry&sr=1-126,Amazon
"Jiwa Gluten Free Maida, 900g",125.0,37.0,199.0,3.7,49,https://www.amazon.in/Healthy-Nature-Gluten-Maida-Pouch/dp/B07NBW86TV/ref=sr_1_125?dchild=1&qid=1591099869&s=grocery&sr=1-125,Amazon
"Daawat Premium Sona Masuri Rice, 10kg",579.0,23.0,749.0,3.6,28,https://www.amazon.in/Daawat-Premium-Sona-Masuri-Rice/dp/B079DB5YH1/ref=sr_1_127?dchild=1&qid=1591099869&s=pantry&sr=1-127,Amazon
"India Gate Basmati Rice Bag, Super, 5kg",589.0,31.0,850.0,4.2,305,https://www.amazon.in/India-Gate-Basmati-Rice-Super/dp/B01JYTZ0OS/ref=sr_1_132?dchild=1&qid=1591099869&s=pantry&sr=1-132,Amazon
"Daawat Rozana Mogra Rice,, 5kg",313.0,37.0,495.0,3.2,125,https://www.amazon.in/Daawat-Rozana-Mogra-Rice-5kg/dp/B01NA8J7JX/ref=sr_1_133?dchild=1&qid=1591099869&s=pantry&sr=1-133,Amazon
Daawat Rozana Mini Mogra Rice -5 Kg,246.0,7.0,265.0,2.9,106,https://www.amazon.in/Daawat-%E0%A4%B0%E0%A5%8B%E0%A4%9C%E0%A4%BC%E0%A4%BE%E0%A4%A8%E0%A4%BE-%E0%A4%AE%E0%A4%BF%E0%A4%A8%E0%A5%80-%E0%A4%AE%E0%A5%8B%E0%A4%97%E0%A4%B0%E0%A4%BE-%E0%A4%B0%E0%A4%BE%E0%A4%87%E0%A4%B8/dp/B06XBTVXRS/ref=sr_1_134?dchild=1&qid=1591099869&s=pantry&sr=1-134,Amazon
Natureland Organics Amaranthus Flour (Rajgira Flour) 500 Gm - Gluten Free Amaranth Flour,104.0,5.0,110.0,4.0,75,https://www.amazon.in/Natureland-Organics-Amaranthus-Flour-2piece/dp/B07B9XWKWN/ref=sr_1_135?dchild=1&qid=1591099869&s=grocery&sr=1-135,Amazon
Everin Nutri High Protein and Healthy SOYA Chunks 1kg,199.0,1.0,200.0,3.9,19,https://www.amazon.in/Everin-Nutri-Protein-Healthy-Chunks/dp/B07V6J7P6Y/ref=sr_1_140?dchild=1&qid=1591099869&s=grocery&sr=1-140,Amazon
"Kohinoor Super Value Basmati Rice, 5Kg",600.0,24.0,790.0,4.3,233,https://www.amazon.in/Kohinoor-Super-Authentic-Basmati-Rice-6-25KG/dp/B01N6X4J98/ref=sr_1_142?dchild=1&qid=1591099869&s=grocery&sr=1-142,Amazon
"Aashirvaad Select Atta, 1kg",57.0,8.0,62.0,4.5,98,https://www.amazon.in/Aashirvaad-Select-Atta-1kg/dp/B077SXSNN2/ref=sr_1_143?dchild=1&qid=1591099869&s=pantry&sr=1-143,Amazon
Natureland Organics Pearl Barley 500 Gm - Organic Barley,52.0,5.0,55.0,4.6,93,https://www.amazon.in/Natureland-Organics-Pearl-Barley-Pack/dp/B07B9TLP7J/ref=sr_1_144?dchild=1&qid=1591099869&s=grocery&sr=1-144,Amazon
"Kohinoor Charminar Long Grain Rice, 1 Kg",66.0,40.0,110.0,2.9,120,https://www.amazon.in/Charminar-Long-Grain-Basmati-Rice-1/dp/B01GCF02O0/ref=sr_1_145?dchild=1&qid=1591099869&s=pantry&sr=1-145,Amazon
Natureland Organics Kabuli Chana / White Chana / Chole 500 Gm - Organic Healthy Chana,107.0,5.0,113.0,5.0,3,https://www.amazon.in/Natureland-Organics-Kabuli-Chana-White/dp/B07W4Z48D5/ref=sr_1_146?dchild=1&qid=1591099869&s=grocery&sr=1-146,Amazon
Healthy Khurak Chana Sattu (1000g),230.0,8.0,250.0,3.8,110,https://www.amazon.in/Healthy-Khurak-Chana-Sattu-1000g/dp/B07C364B4Q/ref=sr_1_147?dchild=1&qid=1591099869&s=grocery&sr=1-147,Amazon
Indiana Roasted Chana - 500gm,160.0,20.0,200.0,4.3,63,https://www.amazon.in/Indiana-Roasted-Chana-500gm/dp/B07VSQ7XS2/ref=sr_1_148?dchild=1&qid=1591099869&s=grocery&sr=1-148,Amazon
"Amazon Brand - Vedaka Premium White Urad Split, 500g",76.0,5.0,80.0,4.3,516,https://www.amazon.in/Amazon-Brand-Vedaka-Premium-White/dp/B079NGHMC5/ref=sr_1_150?dchild=1&qid=1591099869&s=pantry&sr=1-150,Amazon
Natureland Organic Barley Flour / Jau Flour 500 Gm - Healthy Organic Flour,52.0,5.0,55.0,4.1,73,https://www.amazon.in/Natureland-Organics-Barley-Flour-Pouch/dp/B07PN2XD3B/ref=sr_1_152?dchild=1&qid=1591099869&s=grocery&sr=1-152,Amazon
"Jiwa Healthy by Nature Multigrain Atta, 1Kg",99.0,50.0,199.0,4.1,103,https://www.amazon.in/Jiwa-Healthy-Nature-Multigrain-Atta/dp/B076DHW6RM/ref=sr_1_153?dchild=1&qid=1591099869&s=grocery&sr=1-153,Amazon
"Minimal Whole Sabudana/Sago/Tapioca,1Kg",265.0,11.0,299.0,3.9,11,https://www.amazon.in/Minimal-Whole-Sabudana-Sago-Tapioca/dp/B07T7DZMR9/ref=sr_1_155?dchild=1&qid=1591099869&s=grocery&sr=1-155,Amazon
True Elements Gluten Free Quinoa 1kg - Quinoa for Weight Loss,449.0,31.0,650.0,4.3,256,https://www.amazon.in/True-Elements-Gluten-Free-Quinoa/dp/B01LEMUGFG/ref=sr_1_157?dchild=1&qid=1591099869&s=grocery&sr=1-157,Amazon
"Natureland Organics Panchrangi Dal/Mix Dal Pouch, 1 kg",200.0,5.0,210.0,4.0,8,https://www.amazon.in/Natureland-Organics-Panchrangi-Dal-Pouch/dp/B07W72D8R2/ref=sr_1_159?dchild=1&qid=1591099869&s=grocery&sr=1-159,Amazon
Natureland Organics Sorghum / Jowar Flour 500 Gm - Organic Flours,57.0,5.0,60.0,2.8,9,https://www.amazon.in/Natureland-Organics-Shorgum-Flour-pack/dp/B07B9TMBTM/ref=sr_1_164?dchild=1&qid=1591099869&s=grocery&sr=1-164,Amazon
"24 Mantra Organic,  7 multigrain atta, 1Kg",86.0,9.0,95.0,4.1,131,https://www.amazon.in/24-Mantra-%E0%A4%97%E0%A5%8D%E0%A4%B0%E0%A5%87%E0%A4%A8-%E0%A4%86%E0%A4%9F%E0%A4%BE-1kg/dp/B077VL4WL7/ref=sr_1_167?dchild=1&qid=1591099869&s=pantry&sr=1-167,Amazon
"Naturevibe Botanicals Garlic Powder Dry, 200 g",274.0,31.0,399.0,3.9,18,https://www.amazon.in/Naturevibe-Botanicals-Organic-Garlic-Powder/dp/B07RJHVNC1/ref=sr_1_168?dchild=1&qid=1591099869&s=grocery&sr=1-168,Amazon
"Organic Tattva Moong Dal Yellow Split, 1kg",170.0,32.0,250.0,4.4,71,https://www.amazon.in/Organic-Tattva-Moong-Yellow-Split/dp/B01LST2T5U/ref=sr_1_169?dchild=1&qid=1591099869&s=pantry&sr=1-169,Amazon
"Pro Nature Kala Channa, 500g",82.0,7.0,88.0,4.1,76,https://www.amazon.in/Pro-Nature-Kala-Channa-500g/dp/B01IBECHG6/ref=sr_1_173?dchild=1&qid=1591099869&s=pantry&sr=1-173,Amazon
"Natureland Organics Whole Wheat Flour Bag, 5 kg",275.0,4.0,285.0,3.7,9,https://www.amazon.in/Natureland-Organics-Whole-Wheat-Flour/dp/B07B9XWKWS/ref=sr_1_176?dchild=1&qid=1591099869&s=grocery&sr=1-176,Amazon
SACHASABU Sabudana Tapioca Sago,124.0,11.0,140.0,4.1,29,https://www.amazon.in/SACHASABU-Sabudana-Tapioca-Sago/dp/B0725JPST1/ref=sr_1_177?dchild=1&qid=1591099869&s=grocery&sr=1-177,Amazon
"Pasupati Gobindo Bhog Rice (Ambemor Rice, Jeera Rice), 5 Kg, Aged Rice from West Bengal",750.0,6.0,800.0,4.2,32,https://www.amazon.in/Pasupati-Gobindo-Ambemor-Jeera-Bengal/dp/B081Z36MLS/ref=sr_1_178?dchild=1&qid=1591099869&s=grocery&sr=1-178,Amazon
"Kohinoor Extra Long Gold Basmati Rice, 1kg",179.0,14.0,209.0,4.1,95,https://www.amazon.in/Kohinoor-Extra-Long-Gold-Basmati/dp/B01H5M9SDU/ref=sr_1_179?dchild=1&qid=1591099869&s=pantry&sr=1-179,Amazon
"India Gate Basmati Rice, Dubar, 5kg",489.0,20.0,610.0,4.1,130,https://www.amazon.in/India-Gate-Basmati-Rice-Dubar/dp/B01JYTZ282/ref=sr_1_180?dchild=1&qid=1591099869&s=pantry&sr=1-180,Amazon
"Pillsbury Chakki Fresh Atta, 5kg",248.0,6.0,265.0,4.4,101,https://www.amazon.in/Pillsbury-Chakki-Fresh-Atta-5kg/dp/B07G8F6984/ref=sr_1_181?dchild=1&qid=1591099869&s=pantry&sr=1-181,Amazon
"Kohinoor Authentic Basmati Biryani Kit, Sindhi, 327g",87.0,30.0,125.0,4.3,92,https://www.amazon.in/Kohinoor-Authentic-Basmati-Biryani-Sindhi/dp/B07H32LF6D/ref=sr_1_182?dchild=1&qid=1591099869&s=pantry&sr=1-182,Amazon
"Amazon Brand - Vedaka Premium Black Urad Whole / Sabut, 1 kg",133.0,5.0,140.0,4.3,339,https://www.amazon.in/Amazon-Brand-Vedaka-Premium-Black/dp/B079NQRMFC/ref=sr_1_183?dchild=1&qid=1591099869&s=pantry&sr=1-183,Amazon
"Sinew Nutrition Gluten Free White Quinoa Seeds, 5 kg",900.0,78.0,4149.0,4.5,64,https://www.amazon.in/Sinew-Nutrition-%E0%A4%95%E0%A5%8D%E0%A4%B5%E0%A4%BF%E0%A4%A8%E0%A5%8B%E0%A4%86-%E0%A4%B8%E0%A5%80%E0%A4%A1/dp/B07N17W3FP/ref=sr_1_187?dchild=1&qid=1591099869&s=grocery&sr=1-187,Amazon
"Nourish You Organic Indian White Quinoa Seeds, 500 Grams (Single Pack)",260.0,10.0,289.0,4.2,200,https://www.amazon.in/NourishYou-Organic-White-Quinoa-Single/dp/B0177MA6N4/ref=sr_1_188?dchild=1&qid=1591099869&s=grocery&sr=1-188,Amazon
"Naga Sooji Bubbly Bubbly Maida, 1 kg",60.0,3.0,62.0,4.8,7,https://www.amazon.in/Naga-Sooji-Bubbly-Maida/dp/B084Q4GJ41/ref=sr_1_190?dchild=1&qid=1591099869&s=grocery&sr=1-190,Amazon
Tenali Double Horse Urad Dall Whole 1 Kg Pack of 2,244.0,16.0,290.0,4.5,56,https://www.amazon.in/Tenali-Double-Horse-Orid-Dall/dp/B07QGYZMB4/ref=sr_1_193?dchild=1&qid=1591099869&s=grocery&sr=1-193,Amazon
"Natureland Organics Chana Dal Pouch, 1 kg",157.0,5.0,165.0,4.7,8,https://www.amazon.in/Natureland-Organics-Chana-Dal-Pouch/dp/B07WCC16BK/ref=sr_1_194?dchild=1&qid=1591099869&s=grocery&sr=1-194,Amazon
Befach 4x Diabetic White Rice (4.5 Kgs),594.0,18.0,720.0,4.0,110,https://www.amazon.in/Befach-4x-Diabetic-White-Rice/dp/B07HM5421C/ref=sr_1_195?dchild=1&qid=1591099869&s=grocery&sr=1-195,Amazon
"Fortune Biryani Classic Basmati Rice, 1kg",149.0,34.0,225.0,4.2,511,https://www.amazon.in/Fortune-Biryani-Classic-Basmati-Rice/dp/B07FQ77FLR/ref=sr_1_196?dchild=1&qid=1591099869&s=pantry&sr=1-196,Amazon
"Kohinoor Extra Long Gold Basmati Rice, 5kg",889.0,13.0,1025.0,4.4,62,https://www.amazon.in/Kohinoor-Extra-Long-Gold-Basmati/dp/B01H5MA0DM/ref=sr_1_198?dchild=1&qid=1591099869&s=pantry&sr=1-198,Amazon
"NutroActive Keto Dosa Mix, 2 gm Net Carb Per Dosa, Gluten Free - 350gm",399.0,20.0,499.0,3.5,77,https://www.amazon.in/NutroActive-Keto-Ultra-Instant-350gm/dp/B07QXNLVFJ/ref=sr_1_198?dchild=1&qid=1591099869&s=grocery&sr=1-198,Amazon
Natureland Organics Red Rice 1 Kg - Organic Rice,138.0,5.0,145.0,3.3,8,https://www.amazon.in/Natureland-Organics-Red-Rice-Kg/dp/B07WJ14QX9/ref=sr_1_199?dchild=1&qid=1591099869&s=grocery&sr=1-199,Amazon
Rice Flour / Chawal ka Atta 1 kg from 'Home Made'. Premium Quality. No Additives or Preservatives,129.0,35.0,199.0,5.0,1,https://www.amazon.in/Home-Premium-Quality-Additives-Preservatives/dp/B082ZRYW33/ref=sr_1_200?dchild=1&qid=1591099869&s=grocery&sr=1-200,Amazon
"Pillsbury Chakki Fresh Atta, 10kg",450.0,8.0,490.0,4.2,133,https://www.amazon.in/Pillsbury-Chakki-Fresh-Atta-10kg/dp/B07G83V2VK/ref=sr_1_201?dchild=1&qid=1591099869&s=pantry&sr=1-201,Amazon
Forgotten Foods Organic Foxtail Millet - 900g,150.0,6.0,160.0,4.7,14,https://www.amazon.in/Forgotten-Foods-Naturally-Management-Diabetic/dp/B076BZ9JV8/ref=sr_1_202?dchild=1&qid=1591099869&s=grocery&sr=1-202,Amazon
"NutroActive Whole Almond Flour with Skin, Badam Powder Keto Friendly 200 gm",349.0,13.0,400.0,3.9,98,https://www.amazon.in/NutroActive-Whole-Almond-Flour-Powder/dp/B0788KTVVV/ref=sr_1_204?dchild=1&qid=1591099869&s=grocery&sr=1-204,Amazon
"Kohinoor Authentic Brown Basmati, 1 Kg",149.0,17.0,179.0,3.6,40,https://www.amazon.in/Kohinoor-%E0%A4%91%E0%A4%A5%E0%A5%87%E0%A4%82%E0%A4%9F%E0%A4%BF%E0%A4%95-%E0%A4%AD%E0%A5%82%E0%A4%B0%E0%A4%BE-%E0%A4%AC%E0%A4%BE%E0%A4%B8%E0%A4%AE%E0%A4%A4%E0%A5%80-Kg/dp/B01N35ZISW/ref=sr_1_206?dchild=1&qid=1591099869&s=pantry&sr=1-206,Amazon
"BB Consumer Products Urad Dal Split, 1 kg",136.0,6.0,144.0,3.9,19,https://www.amazon.in/BB-Consumer-Products-Urad-Split/dp/B08716B8DN/ref=sr_1_207?dchild=1&qid=1591099869&s=pantry&sr=1-207,Amazon
Indiana Sabudana (Sago/Tapioca) - 500gm,160.0,20.0,200.0,4.4,2,https://www.amazon.in/Indiana-Sabudana-Sago-Tapioca-500gm/dp/B07VJZVJYJ/ref=sr_1_211?dchild=1&qid=1591099869&s=grocery&sr=1-211,Amazon
Natureland Organics Bajra / Pearl Millet Flour 500 Gm - Organic Flour,48.0,5.0,51.0,4.0,13,https://www.amazon.in/Natureland-Organics-Bajra-Pearl-Millet/dp/B07VYKNF4L/ref=sr_1_212?dchild=1&qid=1591099869&s=grocery&sr=1-212,Amazon
Ayush Brown Rice/ Boiled Rice(Matta Rice) | Diabetic| Organic| 100% Sortexed| Unpolished Paraboiled Brown Rice with Low GI Index| Export Quality (5kg),549.0,8.0,599.0,3.6,44,https://www.amazon.in/Ayush-Diabetic-Sortexed-Unpolished-Paraboiled/dp/B0842SD2LG/ref=sr_1_213?dchild=1&qid=1591099869&s=grocery&sr=1-213,Amazon
Natureland Organics Masoor Dal / Split Washed 500 Gm - Organic Healthy Pulses,82.0,5.0,87.0,4.5,5,https://www.amazon.in/Natureland-Organics-Masoor-Split-Washed/dp/B07WLRVXPG/ref=sr_1_214?dchild=1&qid=1591099869&s=grocery&sr=1-214,Amazon
"Sinew Nutrition White Quinoa Seeds, 1kg",266.0,69.0,869.0,4.4,232,https://www.amazon.in/Sinew-Nutrition-White-Quinoa-Seeds/dp/B07MTT4YDM/ref=sr_1_216?dchild=1&qid=1591099869&s=grocery&sr=1-216,Amazon
Riso Scotti Hakumaki Sushi Rice 1kg,390.0,35.0,599.0,4.0,42,https://www.amazon.in/Riso-Scotti-Hakumaki-Sushi-Rice/dp/B0757NZHW2/ref=sr_1_217?dchild=1&qid=1591099869&s=grocery&sr=1-217,Amazon
"Devakshat Gobindo Bhog Rice (Ambemor Rice, Jeera Rice), 5 Kg, The Aged Rice from West Bengal",740.0,1.0,750.0,3.3,76,https://www.amazon.in/Devakshat-Gobindo-Ambemor-Jeera-Bengal/dp/B07TXHVK4S/ref=sr_1_219?dchild=1&qid=1591099869&s=grocery&sr=1-219,Amazon
"Kohinoor Dubar Authentic Basmati Rice, 5 Kg",499.0,20.0,620.0,3.1,32,https://www.amazon.in/Kohinoor-Dubar-Basmati-Rice-5KG/dp/B074QV46JQ/ref=sr_1_220?dchild=1&qid=1591099869&s=pantry&sr=1-220,Amazon
"Jivabhumi Organic Ragi Whole, 1 kg",189.0,8.0,205.0,4.0,2,https://www.amazon.in/Jivabhumi-Organic-Ragi-Whole/dp/B07HT8P7ZY/ref=sr_1_221?dchild=1&qid=1591099869&s=grocery&sr=1-221,Amazon
"Natureland Organics Arhar/Toor Dal Pouch, 1 kg",204.0,5.0,215.0,3.5,2,https://www.amazon.in/Natureland-Organics-Arhar-Toor-Pouch/dp/B01L93Z0XS/ref=sr_1_222?dchild=1&qid=1591099869&s=grocery&sr=1-222,Amazon
"Urban Platter Whole White Indian Quinoa Grain, 1Kg",290.0,42.0,500.0,4.2,252,https://www.amazon.in/Urban-Platter-Whole-White-Quinoa/dp/B01N6GTLDI/ref=sr_1_220?dchild=1&qid=1591099869&s=grocery&sr=1-220,Amazon
"Mangat Ram Lal Rajma, 1kg",149.0,10.0,165.0,3.9,38,https://www.amazon.in/Mangat-Ram-Lal-Rajma-1kg/dp/B07H3HMV9N/ref=sr_1_221?dchild=1&qid=1591099869&s=grocery&sr=1-221,Amazon
Pmw® - Grade A Quality - Suji Atta - Suji Rava - Bombay Ravva - 1 Kilo,149.0,25.0,199.0,5.0,1,https://www.amazon.in/Pmw%C2%AE-Grade-Quality-Bombay-Ravva/dp/B07R6FJKD6/ref=sr_1_226?dchild=1&qid=1591099869&s=grocery&sr=1-226,Amazon
Pmw® - Grade A Quality - Idly Ravva - Premium Idly Rawa - Chawal Da Atta - 3 Kilo,259.0,7.0,279.0,3.7,10,https://www.amazon.in/Pmw%C2%AE-Grade-Quality-Premium-Chawal/dp/B07QFMSP9L/ref=sr_1_227?dchild=1&qid=1591099869&s=grocery&sr=1-227,Amazon
Lo! Foods - Ultra Low Carb Keto Atta | 3g Net Carb Per Roti | Lab Tested Keto Food Products for Keto Diet | Nutritious Keto Flour Low Carb - 975 g,530.0,3.0,549.0,4.3,51,https://www.amazon.in/Lo-Foods-Tested-Products-Nutritious/dp/B07XQ2MY1G/ref=sr_1_228?dchild=1&qid=1591099869&s=grocery&sr=1-228,Amazon
NutroActive Keto Atta (1 gm Net Carb Per Roti) Extremely Low Carb Flour - 750 gm (Pack of 3),1363.0,24.0,1797.0,3.6,70,https://www.amazon.in/NutroActive-Keto-Atta-Extremely-Flour/dp/B07QGWGR84/ref=sr_1_230?dchild=1&qid=1591099869&s=grocery&sr=1-230,Amazon
Zero-G Gluten Free Lite Flour (1.25 kg Pouch),170.0,13.0,195.0,4.3,62,https://www.amazon.in/Zero-G-Gluten-Free-Flour-Pouch/dp/B07V6NTQXJ/ref=sr_1_235?dchild=1&qid=1591099869&s=grocery&sr=1-235,Amazon
"GoodMorning Fresh Maida, 1 Kg",60.0,14.0,70.0,3.8,3,https://www.amazon.in/GoodMorning-Fresh-Maida-1-Kg/dp/B07WSZ57CD/ref=sr_1_237?dchild=1&qid=1591099869&s=grocery&sr=1-237,Amazon
Hubballi Avalakki / Poha - 1 Kg (North Karnataka Special Medium Poha),116.0,23.0,150.0,4.8,10,https://www.amazon.in/Hubballi-Avalakki-Poha-Karnataka-Special/dp/B084KHVGGX/ref=sr_1_240?dchild=1&qid=1591099869&s=grocery&sr=1-240,Amazon
Ketofy - Keto Flour (750g) | Healthiest Low Carb Flour | 1g Net Carb Per Roti | Gluten Free | Ultra Low Glycemic,549.0,31.0,799.0,3.5,712,https://www.amazon.in/Keto-Essentials-Flour-Ultra-Carb/dp/B079XZJMSN/ref=sr_1_242?dchild=1&qid=1591099869&s=grocery&sr=1-242,Amazon
Tenali Double Horse Urad Dall Whole 1 Kg,122.0,24.0,160.0,4.4,63,https://www.amazon.in/Tenali-Double-Horse-Orid-Dall/dp/B07QDR1H9D/ref=sr_1_244?dchild=1&qid=1591099869&s=grocery&sr=1-244,Amazon
"Daawat Traditional Basmati Rice, 5kg",912.0,13.0,1050.0,4.0,71,https://www.amazon.in/Daawat-Traditional-Basmati-Rice-5kg/dp/B01H5MBJ78/ref=sr_1_245?dchild=1&qid=1591099869&s=pantry&sr=1-245,Amazon
Indiana Roasted Chana - 1kg,290.0,28.0,400.0,4.1,15,https://www.amazon.in/Indiana-Roasted-Chana-1kg/dp/B07VPX3CH2/ref=sr_1_245?dchild=1&qid=1591099869&s=grocery&sr=1-245,Amazon
"Naturevibe Botanicals Rice Flour, 1 kg",250.0,16.0,299.0,4.4,18,https://www.amazon.in/Naturevibe-Botanicals-Gluten-Supports-Healthy/dp/B07MP9429P/ref=sr_1_246?dchild=1&qid=1591099869&s=grocery&sr=1-246,Amazon
"Mangat Ram Dollar Safed Chana, 1kg",146.0,10.0,162.0,4.2,38,https://www.amazon.in/Mangat-Ram-Dollar-Safed-Chana/dp/B07H3385XS/ref=sr_1_249?dchild=1&qid=1591099869&s=grocery&sr=1-249,Amazon
THINK3 RNR 15048 Telangana Sona Rice with Low glycemic Index Sugar Free Rice for Diabetic Control 4.5 KG,525.0,30.0,750.0,3.9,48,https://www.amazon.in/THINK3-Telangana-glycemic-Diabetic-Control/dp/B07WGQ898K/ref=sr_1_250?dchild=1&qid=1591099869&s=grocery&sr=1-250,Amazon
"SHRILALMAHAL Basmati Rice, Mogra 4, Broken Basmati Rice, 10 Kg",699.0,25.0,935.0,2.4,29,https://www.amazon.in/SHRILALMAHAL-Basmati-Rice-Mogra-Broken/dp/B07JXZ4JBV/ref=sr_1_252?dchild=1&qid=1591099869&s=grocery&sr=1-252,Amazon
Rice RAVA 1Kg,54.0,10.0,60.0,2.8,5,https://www.amazon.in/MRV-Rice-RAVA-1Kg/dp/B07TC8H3QM/ref=sr_1_253?dchild=1&qid=1591099869&s=grocery&sr=1-253,Amazon
"Nature Vit Soya Chunks, 400 gm",249.0,0.0,250.0,3.5,18,https://www.amazon.in/Nature-Vit-Soya-Chunks-400/dp/B07S1P9N21/ref=sr_1_255?dchild=1&qid=1591099869&s=grocery&sr=1-255,Amazon
"Dr Gluten Gluten-Free Platinum Atta, 1 kg",157.0,2.0,160.0,4.2,178,https://www.amazon.in/Dr-Gluten-Gluten-Free-Platinum-Atta/dp/B01N2I8AT6/ref=sr_1_260?dchild=1&qid=1591099869&s=grocery&sr=1-260,Amazon
Indiana Sabudana (Sago/Tapioca) - 1 kg,290.0,17.0,350.0,5.0,5,https://www.amazon.in/Indiana-Sabudana-Sago-Tapioca/dp/B07VK3RTFF/ref=sr_1_263?dchild=1&qid=1591099869&s=grocery&sr=1-263,Amazon
"Mangat Ram Moong Chilka, 1kg",187.0,10.0,208.0,4.5,26,https://www.amazon.in/Mangat-Ram-Moong-Chilka-1kg/dp/B07H3385X8/ref=sr_1_265?dchild=1&qid=1591099869&s=grocery&sr=1-265,Amazon
Tenali Double Horse Urad Dall Whole 5 Kg Pack of 2,1220.0,24.0,1600.0,4.8,9,https://www.amazon.in/Tenali-Double-Horse-Orid-Dall/dp/B07QCSBPZ5/ref=sr_1_266?dchild=1&qid=1591099869&s=grocery&sr=1-266,Amazon
"Kohinoor Dubar Authentic Basmati Rice, 1 Kg",109.0,9.0,120.0,3.4,58,https://www.amazon.in/Kohinoor-Dubar-Basmati-Rice-1KG/dp/B074QT1XLD/ref=sr_1_267?dchild=1&qid=1591099869&s=pantry&sr=1-267,Amazon
"Ronak Raunak Poha (Flattened Rice/Atukulu), 1 kg",87.0,42.0,150.0,4.0,1,https://www.amazon.in/Ronak-Raunak-Poha-Flattened-Atukulu/dp/B083D3FCCK/ref=sr_1_268?dchild=1&qid=1591099869&s=grocery&sr=1-268,Amazon
"Jiwa Diabetic Care Atta, 1Kg",125.0,37.0,199.0,3.7,53,https://www.amazon.in/Jiwa-Diabetic-Care-Atta-900g/dp/B079RZM4ND/ref=sr_1_269?dchild=1&qid=1591099869&s=grocery&sr=1-269,Amazon
"Pro Nature 100% Organic Sonamasoori Rice, 1kg",92.0,7.0,99.0,3.9,123,https://www.amazon.in/Pro-Nature-100-Organic-Sonamasoori/dp/B075MPLTHX/ref=sr_1_269?dchild=1&qid=1591099869&s=pantry&sr=1-269,Amazon
"Mangat Ram Urad Sabut, 1kg",166.0,10.0,184.0,4.7,5,https://www.amazon.in/Mangat-Ram-Urad-Sabut-1kg/dp/B07H2WV85N/ref=sr_1_270?dchild=1&qid=1591099869&s=grocery&sr=1-270,Amazon
"Natureland Organics Maize Dalia (Makki, Corn Dalia) 500 Gm - Organic Makka Dalia",47.0,5.0,50.0,3.3,14,https://www.amazon.in/Natureland-Organics-Maize-Dalia-Pack/dp/B07B9X5D91/ref=sr_1_275?dchild=1&qid=1591099869&s=grocery&sr=1-275,Amazon
"FARMUP Soyabean - 1 Kg | Premium Quality, High Protine Soyabean - 100% Pure & Natural",199.0,34.0,300.0,3.8,36,https://www.amazon.in/FARMUP-Farmup-Soyabean-1kg/dp/B07D2Y4ZR4/ref=sr_1_276?dchild=1&qid=1591099869&s=grocery&sr=1-276,Amazon
"Scotti Arborio Rice Vac-Pack, 1kg",420.0,1.0,425.0,4.6,9,https://www.amazon.in/Scotti-Arborio-Rice-Vac-Pack-1kg/dp/B07NWGFW5M/ref=sr_1_277?dchild=1&qid=1591099869&s=grocery&sr=1-277,Amazon
Sakura Wasabi Paste - 43gm,220.0,2.0,225.0,3.9,9,https://www.amazon.in/Sakura-Wasabi-Paste-43gm/dp/B07PGY8WGV/ref=sr_1_279?dchild=1&qid=1591099869&s=grocery&sr=1-279,Amazon
"Namma Nellu Traditional White Rice - Seeraga Samba (Raw Rice) / சீரக சம்பா (பச்சரிசி) - (1 kg, Pack of 2)",159.0,1.0,160.0,4.3,4,https://www.amazon.in/Namma-Nellu-Traditional-White-Seeraga/dp/B07P94VQNF/ref=sr_1_283?dchild=1&qid=1591099869&s=grocery&sr=1-283,Amazon
"ASHOKA Pure & Tasty Refined Fibrous Sattu, 500 Grams Pack of 2",329.0,45.0,599.0,4.7,8,https://www.amazon.in/Ashoka-Sattu-500-Grams-Pack/dp/B077YLYCCQ/ref=sr_1_284?dchild=1&qid=1591099869&s=grocery&sr=1-284,Amazon
Natureland Organics Chana Besan 500 Gm,85.0,5.0,90.0,4.4,23,https://www.amazon.in/Natureland-Organics-Chana-Besan-pack/dp/B07B9XLLD2/ref=sr_1_285?dchild=1&qid=1591099869&s=grocery&sr=1-285,Amazon
"Natureland Organics Cowpea Black Eye/Lobia Pouch, 1 kg",166.0,5.0,175.0,3.9,8,https://www.amazon.in/Natureland-Organics-Cowpea-Black-Lobia/dp/B07W98SBWK/ref=sr_1_286?dchild=1&qid=1591099869&s=grocery&sr=1-286,Amazon
"True Elements Gluten Free Steel Cut Oats, 1 kg",307.0,6.0,325.0,4.1,132,https://www.amazon.in/True-Elements-Gluten-Free-Steel/dp/B01IHYUFKU/ref=sr_1_287?dchild=1&qid=1591099869&s=grocery&sr=1-287,Amazon
Laxmi Daily Feast Kulthi Horse Gram (500 g),159.0,27.0,219.0,2.7,5,https://www.amazon.in/Kulthi-Horse-Gram-500-Gm/dp/B07KZR4BGP/ref=sr_1_289?dchild=1&qid=1591099869&s=grocery&sr=1-289,Amazon
"Josef Marc Farine de ble T45 Cake Flour, 1kg - Unbleached & Low Protein Flour, Non-chlorinated, Non-GMO, Non-Fortified & Non-bro-mated, All Purpose Cake Flour.",275.0,21.0,350.0,3.8,26,https://www.amazon.in/Josef-Marc-Farine-Cake-Flour/dp/B07NLBWF3V/ref=sr_1_290?dchild=1&qid=1591099869&s=grocery&sr=1-290,Amazon
"Re:Live Wheat Bran Healthy & High Fibre Box, 500g",78.0,13.0,90.0,4.7,6,https://www.amazon.in/Re-Live-Wheat-Healthy-Fibre/dp/B07XXWJ2XX/ref=sr_1_292?dchild=1&qid=1591099869&s=grocery&sr=1-292,Amazon
Amwel Ragi Atta ( Finger Millet Flour) 500g,90.0,18.0,110.0,4.2,4,https://www.amazon.in/Amwel-Ragi-Finger-Millet-Flour/dp/B07D76LMMM/ref=sr_1_293?dchild=1&qid=1591099869&s=grocery&sr=1-293,Amazon
Jai Jinendra Food & Grocery Product Soyabeans (SOYA Bean) Seeds- 1 kg,249.0,38.0,400.0,4.1,27,https://www.amazon.in/Jinendra-%E0%A4%95%E0%A4%BF%E0%A4%B0%E0%A4%BE%E0%A4%A8%E0%A5%87-%E0%A4%AA%E0%A5%8D%E0%A4%B0%E0%A5%8B%E0%A4%A1%E0%A4%95%E0%A5%8D%E0%A4%9F-%E0%A4%B8%E0%A5%8B%E0%A4%AF%E0%A4%BE%E0%A4%AC%E0%A5%80%E0%A4%A8-%E0%A4%B8%E0%A5%8D%E0%A4%B5%E0%A5%87%E0%A4%9C/dp/B07J5J1THZ/ref=sr_1_294?dchild=1&qid=1591099869&s=grocery&sr=1-294,Amazon
FARM 2 YOU DESSICATED Coconut Powder|NARIYAL BURADA for Cooking 400GM,269.0,55.0,600.0,5.0,2,https://www.amazon.in/FARM-YOU-DESSICATED-Coconut-NARIYAL/dp/B07ZMRCB7K/ref=sr_1_292?dchild=1&qid=1591099869&s=grocery&sr=1-292,Amazon
"Natureland Organics Black Rice Pouch, 500 g",171.0,5.0,180.0,3.6,8,https://www.amazon.in/Natureland-Organics-Black-Rice-Pouch/dp/B07SRGR9NH/ref=sr_1_293?dchild=1&qid=1591099869&s=grocery&sr=1-293,Amazon
SHRILALMAHAL Empire Basmati Rice (Most Premium) (10Kg : 10 x 1 Kg) | Low Glycemic Index | Gluten Free,1669.0,52.0,3500.0,3.8,596,https://www.amazon.in/SHRILALMAHAL-%E0%A4%8F%E0%A4%AE%E0%A5%8D%E0%A4%AA%E0%A4%BE%E0%A4%AF%E0%A4%B0-%E0%A4%AC%E0%A4%BE%E0%A4%B8%E0%A4%AE%E0%A4%A4%E0%A5%80-%E0%A4%9A%E0%A4%BE%E0%A4%B5%E0%A4%B2-%E0%A4%AA%E0%A5%8D%E0%A4%B0%E0%A5%80%E0%A4%AE%E0%A4%BF%E0%A4%AF%E0%A4%AE/dp/B07GYN5C5K/ref=sr_1_295?dchild=1&qid=1591099869&s=grocery&sr=1-295,Amazon
"RAMAJEYAM Premium Rice Classic Idly Rice, 5Kg",450.0,25.0,600.0,4.3,107,https://www.amazon.in/RAMAJEYAM-Premium-Rice-Classic-Idly/dp/B0778DDKH2/ref=sr_1_296?dchild=1&qid=1591099869&s=grocery&sr=1-296,Amazon
"Josef Marc Unbleached Self Raising Flour, 1Kg - Made with Non-Aluminum Baking Powder, Non-GMO, Non-Fortified & Non-bro-mated.",299.0,15.0,350.0,5.0,2,https://www.amazon.in/Josef-Marc-Unbleached-Raising-Flour/dp/B081F7M2C6/ref=sr_1_297?dchild=1&qid=1591099869&s=grocery&sr=1-297,Amazon
NutroActive Keto Atta Gluten Free Ultra Low Carb Flour - 750g,469.0,33.0,699.0,3.9,27,https://www.amazon.in/NutroActive-Keto-Gluten-Ultra-Flour/dp/B081233SS8/ref=sr_1_298?dchild=1&qid=1591099869&s=grocery&sr=1-298,Amazon
Shiaya Vegetarian Poha 500 GM,110.0,31.0,159.0,1.0,1,https://www.amazon.in/SHIAYA-Organic-Vegetarian-Poha/dp/B07VBDQM2N/ref=sr_1_299?dchild=1&qid=1591099869&s=grocery&sr=1-299,Amazon
Swad SOYA Chunks (High Protein SOYA Badi | 99% Fat Free SOYA Wadi | 100% Vegetarian) 2 Boxes x 200g,199.0,50.0,399.0,2.0,1,https://www.amazon.in/Swad-Chunks-Protein-Vegetarian-Boxes/dp/B0891TFHDT/ref=sr_1_300?dchild=1&qid=1591099869&s=grocery&sr=1-300,Amazon
"Raunak Premium Moth (Matki), 1kg",139.0,7.0,149.0,5.0,1,https://www.amazon.in/Raunak-Premium-Moth-Matki-1kg/dp/B08545DJMD/ref=sr_1_301?dchild=1&qid=1591099869&s=grocery&sr=1-301,Amazon
INDIRAS Ragi Huri Hittu Special (400 g),135.0,4.0,140.0,4.3,41,https://www.amazon.in/Indiras-Ragi-Huri-Hittu-Special/dp/B01BHW8BZA/ref=sr_1_308?dchild=1&qid=1591099869&s=grocery&sr=1-308,Amazon
Jivabhumi Organic Jowar Whole 1 kg,199.0,10.0,220.0,3.9,4,https://www.amazon.in/Jivabhumi-Organic-Jowar-Whole/dp/B07HSXV6TL/ref=sr_1_309?dchild=1&qid=1591099869&s=grocery&sr=1-309,Amazon
"GrowFit 100% Natural Almond Flour Without Skin (200 gm, Keto Friendly)",450.0,10.0,500.0,3.9,21,https://www.amazon.in/Grow-Fit-Natural-Without-Friendly/dp/B07B4DGL8B/ref=sr_1_310?dchild=1&qid=1591099869&s=grocery&sr=1-310,Amazon
"ELWORLD AGRO & ORGANIC FOOD PRODUCTS Whole Sharbati Wheat Flour Atta, 5 Kg",515.0,1.0,520.0,3.7,34,https://www.amazon.in/ELWORLD-AGRO-ORGANIC-FOOD-PRODUCTS/dp/B071ZJ7FQ6/ref=sr_1_311?dchild=1&qid=1591099869&s=grocery&sr=1-311,Amazon
EasyBee Buckwheat 900g Kuttu Giri Buckwheat Seed Groat Kasha Gluten Free,285.0,25.0,380.0,4.4,34,https://www.amazon.in/EasyBee-Buckwheat-Kuttu-Groat-Gluten/dp/B07HX79VQQ/ref=sr_1_312?dchild=1&qid=1591099869&s=grocery&sr=1-312,Amazon
Wheafree Gluten Free Flour 1 kg (Certified Gluten Free),133.0,5.0,140.0,3.5,32,https://www.amazon.in/Wheafree-Gluten-Free-Flour-1kg/dp/B01MXMOY4S/ref=sr_1_313?dchild=1&qid=1591099869&s=grocery&sr=1-313,Amazon
Forgotten Foods - Organic Barnyard Millet - (900 g),155.0,3.0,160.0,4.3,3,https://www.amazon.in/Forgotten-Foods-Organic-Barnyard-Millet/dp/B076BN9ZTS/ref=sr_1_314?dchild=1&qid=1591099869&s=grocery&sr=1-314,Amazon
"Kohinoor Tibar Authentic Basmati Rice, 5 Kg",589.0,12.0,670.0,3.5,20,https://www.amazon.in/Kohinoor-Tibar-Basmati-Rice-5kg/dp/B074QMNDQY/ref=sr_1_316?dchild=1&qid=1591099869&s=pantry&sr=1-316,Amazon
"B&B Organics Idly Rice, 3 kg",510.0,15.0,600.0,4.1,10,https://www.amazon.in/Generic-Organics-Idly-Rice/dp/B07GB2VB3B/ref=sr_1_317?dchild=1&qid=1591099869&s=grocery&sr=1-317,Amazon
MUKESH FLOUR MILL Cournflour (makke ka aata) 1kg,175.0,38.0,280.0,4.4,3,https://www.amazon.in/Cournflour-makke-ka-aata-1kg/dp/B07RMJHYCH/ref=sr_1_318?dchild=1&qid=1591099869&s=grocery&sr=1-318,Amazon
Vasani's 100% Natural Broken Wheat Dalia 500g,65.0,34.0,99.0,4.1,4,https://www.amazon.in/Vasanis-Natural-Broken-Wheat-Dalia/dp/B084DVJCDB/ref=sr_1_316?dchild=1&qid=1591099869&s=grocery&sr=1-316,Amazon
INDIRAS Ragi Dosa Mix (500 g),80.0,16.0,95.0,4.5,7,https://www.amazon.in/INDIRAS-Ragi-Dosa-Mix-500/dp/B07Q73NQB5/ref=sr_1_317?dchild=1&qid=1591099869&s=grocery&sr=1-317,Amazon
FARM 2 YOU Puffed Rice|BHADANG|MURMURA|KURMURA 400GM,199.0,60.0,498.0,2.5,15,https://www.amazon.in/FARM-YOU-BHADANG-MURMURA-KURMURA/dp/B081Y47TV4/ref=sr_1_318?dchild=1&qid=1591099869&s=grocery&sr=1-318,Amazon
"ELWORLD AGRO & ORGANIC FOOD PRODUCTS Organic Soyabean Whole, 1 Kg X 2 - Pack of 2",344.0,1.0,348.0,4.2,60,https://www.amazon.in/ELWORLD-AGRO-ORGANIC-FOOD-PRODUCTS/dp/B07D4JWT3S/ref=sr_1_319?dchild=1&qid=1591099869&s=grocery&sr=1-319,Amazon
"Josef Marc Coarse Rye Flour for Baking Purpose - 1 kg | Unbleached, High Fiber & High Protien, Non-chlorinated, Non-GMO & Non-bro-mated, Italian Type 1150 Flour, All Purpose Rye Flour.",499.0,17.0,600.0,4.0,12,https://www.amazon.in/Josef-Marc-Coarse-Baking-Purpose/dp/B07TLXLRMQ/ref=sr_1_320?dchild=1&qid=1591099869&s=grocery&sr=1-320,Amazon
HOME MADE Chana Sattu Pure No Additives or Preservatives (1 Kg),249.0,24.0,329.0,5.0,2,https://www.amazon.in/HOME-MADE-Chana-Additives-Preservatives/dp/B08125YRY9/ref=sr_1_321?dchild=1&qid=1591099869&s=grocery&sr=1-321,Amazon
"JIWA healthy by nature Organic Quinoa Flour, 900g",285.0,56.0,650.0,3.8,23,https://www.amazon.in/Jiwa-Healthy-Nature-Organic-Quinoa/dp/B07B25XCDY/ref=sr_1_323?dchild=1&qid=1591099869&s=grocery&sr=1-323,Amazon
Tenali Double Horse Urad Dall Whole 500 Grams Pack of 10,610.0,24.0,800.0,4.3,5,https://www.amazon.in/Tenali-Double-Horse-Orid-Grams/dp/B07QGYYMXP/ref=sr_1_325?dchild=1&qid=1591099869&s=grocery&sr=1-325,Amazon
"Kohinoor Traditional Authentic Aged Basmati Rice, 5 Kg",895.0,15.0,1055.0,3.6,36,https://www.amazon.in/Kohinoor-Traditional-Authentic-Aged-Basmati/dp/B01H5MABJ0/ref=sr_1_326?dchild=1&qid=1591099869&s=pantry&sr=1-326,Amazon
INDIRAS Ragi Huri Hittu (400g),65.0,10.0,72.0,4.8,35,https://www.amazon.in/Indiras-Ragi-Huri-Hittu-Grams/dp/B01BHW8D7G/ref=sr_1_331?dchild=1&qid=1591099869&s=grocery&sr=1-331,Amazon
"Mangat Ram Urad Chilka, 1kg",167.0,10.0,185.0,4.1,26,https://www.amazon.in/Mangat-Ram-Urad-Chilka-1kg/dp/B07H342MLN/ref=sr_1_332?dchild=1&qid=1591099869&s=grocery&sr=1-332,Amazon
ZERO-G Gluten-Free Water Chestnut Singhara Flour (500g) (Pack of 1),280.0,15.0,330.0,4.4,34,https://www.amazon.in/ZERO-G-%E0%A4%97%E0%A5%8D%E0%A4%B2%E0%A5%82%E0%A4%9F%E0%A5%87%E0%A4%A8-%E0%A4%AB%E0%A5%8D%E0%A4%B0%E0%A5%80-%E0%A4%B5%E0%A4%BE%E0%A4%9F%E0%A4%B0-%E0%A4%9A%E0%A5%87%E0%A4%B8%E0%A5%8D%E0%A4%9F%E0%A4%A8%E0%A4%9F-Singhara/dp/B07V2R5GMR/ref=sr_1_333?dchild=1&qid=1591099869&s=grocery&sr=1-333,Amazon
Zero-G Gluten-Free Brown Rice Flour (1 kg Pouch),175.0,10.0,195.0,4.3,23,https://www.amazon.in/Zero-G-Gluten-Free-Brown-Rice-Flour/dp/B00EZL7XAK/ref=sr_1_334?dchild=1&qid=1591099869&s=grocery&sr=1-334,Amazon
"Ogranny Farm Products Mixed Millets Combo Pack of 7 (Finger Millet 500g, Proso Millet 500g, Kodo Millet 500g, Little Millet 500g, Foxtail Millet 500g, Pearl Millet 500g, & Barnyard Millet 500g)",439.0,33.0,655.0,1.0,1,https://www.amazon.in/Ogranny-Farm-Products-Millets-Barnyard/dp/B07QHFJCJ8/ref=sr_1_335?dchild=1&qid=1591099869&s=grocery&sr=1-335,Amazon
"Naturevibe Botanicals Barley Flour, 1 kg",300.0,25.0,399.0,4.1,20,https://www.amazon.in/Naturevibe-Botanicals-Organic-Barley-Flour/dp/B07RVB213X/ref=sr_1_338?dchild=1&qid=1591099869&s=grocery&sr=1-338,Amazon
Amwel Chawal Atta ( Rice Flour ) 500g,70.0,22.0,90.0,2.4,4,https://www.amazon.in/Amwel-Chawal-Atta-Rice-Flour/dp/B07BVNKPCL/ref=sr_1_340?dchild=1&qid=1591099869&s=grocery&sr=1-340,Amazon
Natureland Organics Sona Masoori Rice 1 Kg - Organic Rice,109.0,5.0,115.0,4.6,3,https://www.amazon.in/Natureland-Organics-Sona-Mansoori-Rice/dp/B07B9VYL3N/ref=sr_1_342?dchild=1&qid=1591099869&s=grocery&sr=1-342,Amazon
P Mark Wheat Bran 500 Grams Pack of 2 + Free Dalia 200 Grams,230.0,23.0,300.0,4.5,14,https://www.amazon.in/Mark-Wheat-Bran-Grams-Sooji/dp/B07JCMZDVD/ref=sr_1_340?dchild=1&qid=1591099869&s=grocery&sr=1-340,Amazon
NatureVit Quinoa Seeds - 5 Kg (Saver Pack) [ 5 Packets x 1 Kg ],999.0,50.0,2000.0,4.2,148,https://www.amazon.in/NatureVit-Quinoa-Seeds-Saver-Pack/dp/B07DY27FMR/ref=sr_1_341?dchild=1&qid=1591099869&s=grocery&sr=1-341,Amazon
Pmw® - Grade A Quality - Idly Ravva - Premium Idly Rawa - Chawal Da Atta - 1 Kilo,109.0,36.0,169.0,3.3,5,https://www.amazon.in/Pmw%C2%AE-Grade-Quality-Premium-Chawal/dp/B07QBLD5DP/ref=sr_1_343?dchild=1&qid=1591099869&s=grocery&sr=1-343,Amazon
FARM 2 YOU All Natural and Fiber-Rich Pearl Barley Jau Ghat 900GM,249.0,38.0,400.0,1.0,2,https://www.amazon.in/FARM-YOU-Natural-Fiber-Rich-Barley/dp/B07ZLT92PF/ref=sr_1_344?dchild=1&qid=1591099869&s=grocery&sr=1-344,Amazon
"Prasaar Poha (Flattened Rice) Thick,500 GMS - Pack of 3",145.0,15.0,170.0,2.3,3,https://www.amazon.in/Prasaar-Poha-Flattened-Rice-Thick/dp/B0837XQBQ1/ref=sr_1_345?dchild=1&qid=1591099869&s=grocery&sr=1-345,Amazon
FOODThink Roasted Rava/Sooji (Semolina) with Wheat Bran 500g,75.0,25.0,100.0,5.0,6,https://www.amazon.in/FOODThink-Roasted-Sooji-Semolina-Wheat/dp/B0727W4QYP/ref=sr_1_346?dchild=1&qid=1591099869&s=grocery&sr=1-346,Amazon
"Dryfruit Mart Fine Almond Flour, 500g",680.0,24.0,900.0,4.3,18,https://www.amazon.in/Dryfruit-Mart-Fine-Almond-Flour/dp/B077QNHSRM/ref=sr_1_348?dchild=1&qid=1591099869&s=grocery&sr=1-348,Amazon
TWF Nutritious Sharbati Highland Flour Wheat Atta - 5 Kg Pack,699.0,13.0,799.0,4.2,97,https://www.amazon.in/TWF-Nutritious-Sharbati-Highland-Flour/dp/B072PWN5WP/ref=sr_1_349?dchild=1&qid=1591099869&s=grocery&sr=1-349,Amazon
"Godka Almond Flour/Badam Powder,1kg",890.0,6.0,949.0,5.0,2,https://www.amazon.in/Godka-Almond-Flour-Badam-Powder/dp/B0822VR47D/ref=sr_1_355?dchild=1&qid=1591099869&s=grocery&sr=1-355,Amazon
Zero-G Gluten-free Roasted Gram Flour Sattu (500g Pouch),165.0,6.0,175.0,3.7,11,https://www.amazon.in/Zero-G-Gluten-free-HEALTHY-ALTERNATIVES-Super/dp/B00XL78Y7U/ref=sr_1_356?dchild=1&qid=1591099869&s=grocery&sr=1-356,Amazon
Mah Boonkring Jasmine Gold Thai Rice (2 Kg),762.0,49.0,1500.0,4.6,6,https://www.amazon.in/Jasmine-Gold-Thai-Mah-Krong/dp/B0054CYS5W/ref=sr_1_358?dchild=1&qid=1591099869&s=grocery&sr=1-358,Amazon
"921 GRM Natural Organic Sticky Rice for Chinese, Japanese & Korean Dishes",500.0,33.0,750.0,5.0,3,https://www.amazon.in/921-Natural-Organic-Chinese-Japanese/dp/B0845W6CJL/ref=sr_1_360?dchild=1&qid=1591099869&s=grocery&sr=1-360,Amazon
Nachankar Agro Jowar Flour 1kg,154.0,9.0,170.0,3.3,3,https://www.amazon.in/Nachankar-Agro-Jowar-Flour-1kg/dp/B07WSP224S/ref=sr_1_361?dchild=1&qid=1591099869&s=grocery&sr=1-361,Amazon
"Urban Platter SOYA Chunks (SOYA Wadi), 500g",250.0,24.0,330.0,4.3,68,https://www.amazon.in/Urban-Platter-Soya-Chunks-Wadi/dp/B01HTSTC22/ref=sr_1_362?dchild=1&qid=1591099869&s=grocery&sr=1-362,Amazon
"Forgotten Foods - Organic Little Millet - 900 g (Naturally Farmed, Gluten Free, High Fibre, Low GI)",165.0,3.0,170.0,4.2,2,https://www.amazon.in/Forgotten-Foods-Organic-Little-Naturally/dp/B076BT64NC/ref=sr_1_363?dchild=1&qid=1591099869&s=grocery&sr=1-363,Amazon
"Naturevibe Botanicals Bajra Atta, 1 kg",300.0,25.0,399.0,3.9,21,https://www.amazon.in/Naturevibe-Botanicals-Gluten-Protein-Improve/dp/B07MHFS798/ref=sr_1_364?dchild=1&qid=1591099869&s=grocery&sr=1-364,Amazon
"Tanawade's Smart Food Instant Multigrain Thalipeeth Mix, Ready to Cook, Home Food with Hand Picked Flavours, Pack of 3",195.0,7.0,210.0,4.3,32,https://www.amazon.in/Tanawades-%E0%A4%B8%E0%A5%8D%E0%A4%AE%E0%A4%BE%E0%A4%B0%E0%A5%8D%E0%A4%9F-%E0%A4%87%E0%A4%82%E0%A4%B8%E0%A5%8D%E0%A4%9F%E0%A5%87%E0%A4%82%E0%A4%9F-%E0%A4%AE%E0%A4%B2%E0%A5%8D%E0%A4%9F%E0%A5%80%E0%A4%97%E0%A5%8D%E0%A4%B0%E0%A5%87%E0%A4%A8-%E0%A4%A5%E0%A4%BE%E0%A4%B2%E0%A5%80%E0%A4%AA%E0%A5%80%E0%A4%A5/dp/B017NK4N8E/ref=sr_1_365?dchild=1&qid=1591099869&s=grocery&sr=1-365,Amazon
"B&B Organics Idly and Dosa Rice, 2 kg",280.0,20.0,349.0,3.3,5,https://www.amazon.in/Organics-Idly-Dosa-Rice/dp/B07MNZSR8P/ref=sr_1_366?dchild=1&qid=1591099869&s=grocery&sr=1-366,Amazon
"Kohinoor Tibar Authentic Basmati Rice, 1 Kg",119.0,12.0,135.0,3.5,23,https://www.amazon.in/Kohinoor-Tibar-Basmati-Rice-1kg/dp/B074QTLBF1/ref=sr_1_368?dchild=1&qid=1591099869&s=pantry&sr=1-368,Amazon
Manna Ragi Malt 200 g (Pack of 2),160.0,6.0,170.0,3.1,48,https://www.amazon.in/Manna-Ragi-Malt-200-Pack/dp/B07D755GSF/ref=sr_1_370?dchild=1&qid=1591099869&s=grocery&sr=1-370,Amazon
Berries And Nuts White Quinoa | Gluten Free Quinoa | 5 Kg - Value Pack,880.0,12.0,1000.0,4.4,50,https://www.amazon.in/Berries-Nuts-White-Quinoa-Gluten/dp/B07W9HVYQ5/ref=sr_1_371?dchild=1&qid=1591099869&s=grocery&sr=1-371,Amazon
"India Khaas XXL Supreme Basmati Rice | Extra Long Premium Quality Grains | Low G.I | Export Quality Basmati Rice| Great Source of Energy| Pleasant Aroma| No Gluten, 5 Kg Pack",899.0,22.0,1150.0,3.8,67,https://www.amazon.in/Supreme-Basmati-Premium-Quality-Pleasant/dp/B081YPDYD5/ref=sr_1_372?dchild=1&qid=1591099869&s=grocery&sr=1-372,Amazon
Nourishyou Organic Quinoa - 500 Grams (Value Pack Of 3),737.0,15.0,867.0,4.3,72,https://www.amazon.in/Nourishyou-Organic-Quinoa-Grams-Value/dp/B01ISQSU90/ref=sr_1_373?dchild=1&qid=1591099869&s=grocery&sr=1-373,Amazon
LAL. QILLA Traditional Basmati Rice 5 Kg,999.0,4.0,1040.0,3.8,53,https://www.amazon.in/LAL-QILLA-Traditional-Basmati-Rice/dp/B078SX55F5/ref=sr_1_379?dchild=1&qid=1591099869&s=grocery&sr=1-379,Amazon
Marwar Organic Roasted Channa Dal (Gram) 400 Grams,98.0,1.0,99.0,5.0,2,https://www.amazon.in/Marwar-Organic-Roasted-Channa-Grams/dp/B082R9C584/ref=sr_1_382?dchild=1&qid=1591099869&s=grocery&sr=1-382,Amazon
MUKESH FLOUR MILL Cornflour (Makke ka aata) 500g,110.0,45.0,200.0,5.0,1,https://www.amazon.in/Cornflour-Makke-ka-aata-500g/dp/B07RMY1WC1/ref=sr_1_386?dchild=1&qid=1591099869&s=grocery&sr=1-386,Amazon
ELWORLD AGRO & ORGANIC FOOD PRODUCTS White Rice Poha (500g) - Pack of 2,201.0,3.0,208.0,3.9,51,https://www.amazon.in/ELWORLD-AGRO-ORGANIC-FOOD-PRODUCTS/dp/B072C5XTRD/ref=sr_1_388?dchild=1&qid=1591099869&s=grocery&sr=1-388,Amazon
Angkor Wat Thai HOM Mali Jasmine Rice,700.0,14.0,810.0,3.8,13,https://www.amazon.in/Angkor-Wat-Thai-Mali-Jasmine/dp/B07LBW3JG4/ref=sr_1_391?dchild=1&qid=1591099869&s=grocery&sr=1-391,Amazon
"B&B Organics Mixed Millet Combo of 4 (Little, Kodo, Foxtail & Barnyand Millet) -Each 500 Grams",405.0,20.0,506.0,3.5,5,https://www.amazon.in/Organics-Millet-Little-Foxtail-Barnyand/dp/B07QKY8LBV/ref=sr_1_392?dchild=1&qid=1591099869&s=grocery&sr=1-392,Amazon
"True Elements Quinoa, Gluten Free Wholegrain Quinoa 2kg",769.0,30.0,1100.0,4.2,14,https://www.amazon.in/True-Elements-Quinoa-Gluten-Wholegrain/dp/B07XV6PBHF/ref=sr_1_394?dchild=1&qid=1591099869&s=grocery&sr=1-394,Amazon
"SHRILALMAHAL Basmati Rice, Mogra 3, 10 Kg",759.0,21.0,960.0,2.4,28,https://www.amazon.in/SHRILALMAHAL-Basmati-Rice-Mogra-10/dp/B07JQJ69YQ/ref=sr_1_395?dchild=1&qid=1591099869&s=grocery&sr=1-395,Amazon
Wheafree Gluten Free Flour (5kg) Certified Gluten Free,649.0,0.0,650.0,3.7,69,https://www.amazon.in/Wheafree-Gluten-Less-Flour-5kg/dp/B01N0F9SDJ/ref=sr_1_397?dchild=1&qid=1591099869&s=grocery&sr=1-397,Amazon
Zero-G Rite Flour - 1.25kg,140.0,13.0,160.0,4.0,59,https://www.amazon.in/Zero-G-Zero-G2-Rite-Flour-1-25kg/dp/B00MVTHFRE/ref=sr_1_398?dchild=1&qid=1591099869&s=grocery&sr=1-398,Amazon
Organic Purify BUCKWHEAT Seeds|Gluten Free BUCKWHEAT Groats|KUTTU (900GM),299.0,25.0,400.0,3.8,7,https://www.amazon.in/Organic-Purify-BUCKWHEAT-Gluten-Groats/dp/B07Q3647FJ/ref=sr_1_399?dchild=1&qid=1591099869&s=grocery&sr=1-399,Amazon
"AEROPLANE 1121 Steam Extra Long Grain Basmati Rice Pouch, 5 kg",699.0,18.0,850.0,3.4,56,https://www.amazon.in/Aeroplane-Steem-Extra-Grain-Basmati/dp/B012ZHLYXW/ref=sr_1_403?dchild=1&qid=1591099869&s=grocery&sr=1-403,Amazon
NatureVit Jau - 400 Grams | Raw Barley Seeds (Premium Quality),149.0,26.0,200.0,3.9,23,https://www.amazon.in/NatureVit-Jau-Barley-Premium-Quality/dp/B07DY74ZYS/ref=sr_1_405?dchild=1&qid=1591099869&s=grocery&sr=1-405,Amazon
Forgotten Foods - Healthy Organic Kodo Millet - 900 G,150.0,6.0,160.0,5.0,1,https://www.amazon.in/Forgotten-Foods-Healthy-Organic-Millet/dp/B075V6DBB4/ref=sr_1_407?dchild=1&qid=1591099869&s=grocery&sr=1-407,Amazon
"B&B Organics White Sorghum Flour Jowar, 1 kg",231.0,20.0,289.0,5.0,2,https://www.amazon.in/Organics-White-Sorghum-Flour-Jowar/dp/B07P6YR755/ref=sr_1_409?dchild=1&qid=1591099869&s=grocery&sr=1-409,Amazon
"Kohinoor Extra Long Bamati Rice, 1kg",185.0,11.0,209.0,3.3,6,https://www.amazon.in/Kohinoor-Extra-Long-Bamati-Rice/dp/B01CHUQTT6/ref=sr_1_410?dchild=1&qid=1591099869&s=pantry&sr=1-410,Amazon
"Arya Farm Certified Organic Tur Dal Red Gram / Toor / Arhar / Tuvar /Pigeon Pea , 1 Kg ( Pack of 2 )",379.0,5.0,398.0,4.2,8,https://www.amazon.in/Arya-Farm-Certified-Pesticides-Preservatives/dp/B079J5SXZS/ref=sr_1_411?dchild=1&qid=1591099869&s=grocery&sr=1-411,Amazon
"Ogranny Farm Products Mixed Millets Combo Pack of 5 (Kodo Millet 500g, Proso Millet 500g, Little Millet 500g, Foxtail Millet 500g & Barnyard Millet 500g)",345.0,31.0,500.0,2.4,6,https://www.amazon.in/Ogranny-Farm-Products-Millets-Barnyard/dp/B07QGH46RY/ref=sr_1_412?dchild=1&qid=1591099869&s=grocery&sr=1-412,Amazon
Natureland Organics Chana Whole 1 Kg - Organic Healthy Pulses,144.0,5.0,152.0,5.0,6,https://www.amazon.in/Natureland-Organics-Chana-Whole-Kg/dp/B07W85FZ34/ref=sr_1_413?dchild=1&qid=1591099869&s=grocery&sr=1-413,Amazon
TWF Organic Indie Wheat Flour with No Bleach and Preservative (5kg),699.0,13.0,799.0,4.0,47,https://www.amazon.in/TWF-Organic-Indie-Bleach-Preservative/dp/B084P36C3B/ref=sr_1_414?dchild=1&qid=1591099869&s=grocery&sr=1-414,Amazon
Indiana Sabudana (Sago/Tapioca) - 250gm,120.0,33.0,180.0,4.2,7,https://www.amazon.in/Indiana-Sabudana-Sago-Tapioca-250gm/dp/B07VK3SH2K/ref=sr_1_412?dchild=1&qid=1591099869&s=grocery&sr=1-412,Amazon
"Urban Platter Barley Flour, 1Kg / 35.2oz [All Natural, Gluten-Free, Fiber-Rich]",295.0,2.0,300.0,3.7,70,https://www.amazon.in/Urban-Platter-Barley-Flour-900g/dp/B018NDNIO0/ref=sr_1_413?dchild=1&qid=1591099869&s=grocery&sr=1-413,Amazon
Ronak Raunak Unpolished Kali Urad Whole/Sabut Dal (Black) 1 Kg,150.0,21.0,189.0,4.0,1,https://www.amazon.in/Ronak-Raunak-Unpolished-Whole-Sabut/dp/B0851WHKTR/ref=sr_1_416?dchild=1&qid=1591099869&s=grocery&sr=1-416,Amazon
Organic Purify SOYA WADI Chunks(SOYA Chunks) 400GM,249.0,17.0,300.0,4.1,5,https://www.amazon.in/Organic-Purify-SOYA-Chunks-400GM/dp/B07RJRRF4Z/ref=sr_1_418?dchild=1&qid=1591099869&s=grocery&sr=1-418,Amazon
Bague Premium Quality Pure Organic Ragi Atta / Finger Millet Flour 500grams,140.0,22.0,180.0,1.0,3,https://www.amazon.in/Premium-Quality-Organic-Finger-500grams/dp/B07ZBYYWW8/ref=sr_1_422?dchild=1&qid=1591099869&s=grocery&sr=1-422,Amazon
"Organic Tattva Sona Masuri Hand Pounded, 5kg",441.0,16.0,525.0,3.4,26,https://www.amazon.in/Organic-Tattva-Sona-Masuri-Pounded/dp/B00M57SW6K/ref=sr_1_423?dchild=1&qid=1591099869&s=grocery&sr=1-423,Amazon
Mangat Ram Rajma Chitra 1kg,175.0,10.0,194.0,4.4,18,https://www.amazon.in/Mangatram-Rajma-Chitra-Pack-5/dp/B015E1CNQI/ref=sr_1_427?dchild=1&qid=1591099869&s=grocery&sr=1-427,Amazon
Kitchen Champion Classic Basmati Rice 10KG,950.0,24.0,1250.0,5.0,5,https://www.amazon.in/Kitchen-Champion-Classic-Basmati-Rice/dp/B07JQHJR7K/ref=sr_1_429?dchild=1&qid=1591099869&s=grocery&sr=1-429,Amazon
"Our Organik Tree Ragi/Nachni Atta/Finger Millet Flour, 800 g",340.0,3.0,350.0,4.5,5,https://www.amazon.in/Our-Organik-Tree-Organic-Nachni/dp/B07H3YBC6M/ref=sr_1_432?dchild=1&qid=1591099869&s=grocery&sr=1-432,Amazon
"Food Library The Magic of Nature Japanese Sushi Rice, 400g",250.0,9.0,275.0,4.2,9,https://www.amazon.in/Food-Library-Japanese-Sushi-Rice/dp/B07H5DFD7D/ref=sr_1_433?dchild=1&qid=1591099869&s=grocery&sr=1-433,Amazon
Cook Made Natural SOYA Chunks 1Kg,269.0,9.0,295.0,3.4,7,https://www.amazon.in/COOK-MADE-Chunks-Weight-Yellow/dp/B07FSSNLWG/ref=sr_1_435?dchild=1&qid=1591099869&s=grocery&sr=1-435,Amazon
Zero-G Gluten-free Multi Grain Multi Fibre Flour (1.25 kg Pouch),312.0,20.0,390.0,4.2,27,https://www.amazon.in/Zero-G-SLIMATTA-1-25-Kg-Pouch/dp/B00MVTHLVE/ref=sr_1_436?dchild=1&qid=1591099869&s=grocery&sr=1-436,Amazon
"Our Organik Tree Chawli/Lobhiya/Cowpeas, 450 g",265.0,2.0,270.0,2.0,4,https://www.amazon.in/Our-Organik-Tree-ORGANIC-Lobhiya/dp/B01KC9DR6C/ref=sr_1_437?dchild=1&qid=1591099869&s=grocery&sr=1-437,Amazon
"Naturevibe Botanicals Sattu, 1 kg",260.0,26.0,349.0,3.4,47,https://www.amazon.in/Naturevibe-Botanicals-Sattu-1Kg-Powder/dp/B07RWBWPBV/ref=sr_1_440?dchild=1&qid=1591099869&s=grocery&sr=1-440,Amazon
'Home Made' Rice Flour / Chawal ka Atta 500 gm. Premium Quality. No Additives or Preservatives,89.0,40.0,149.0,4.5,2,https://www.amazon.in/Home-Made-Quality-Additives-Preservatives/dp/B088C4CZBW/ref=sr_1_442?dchild=1&qid=1591099869&s=grocery&sr=1-442,Amazon
"SriSatymev ® Channa Sattu, 1 kg",240.0,43.0,420.0,2.7,27,https://www.amazon.in/Sri-Satymev-Channa-Sattu/dp/B01ITUXJHS/ref=sr_1_443?dchild=1&qid=1591099869&s=grocery&sr=1-443,Amazon
"Dietofy Barley Dalia 1kg, A Healthy Diet Solution",299.0,8.0,325.0,4.0,49,https://www.amazon.in/Dietofy-Barley-Dalia-Healthy-Solution/dp/B07N1DT9FY/ref=sr_1_445?dchild=1&qid=1591099869&s=grocery&sr=1-445,Amazon
"B&B Organics Ragi Flour, 5 kg",744.0,20.0,930.0,4.6,3,https://www.amazon.in/Organics-Ragi-Flour/dp/B01MXKK66X/ref=sr_1_447?dchild=1&qid=1591099869&s=grocery&sr=1-447,Amazon
"SHRILALMAHAL Basmati Rice, Mughlai Golden Sella, 10 Kg",999.0,33.0,1499.0,3.3,16,https://www.amazon.in/SHRILALMAHAL-Basmati-Mughlai-Golden-Sella/dp/B07K1WXL98/ref=sr_1_452?dchild=1&qid=1591099869&s=grocery&sr=1-452,Amazon
AGROPHILIA White Quinoa INSTITUTIONAL Pack 5 Kg,999.0,17.0,1200.0,4.3,45,https://www.amazon.in/AGROPHILIA-White-Quinoa-INSTITUTIONAL-Pack/dp/B07JZ2R94N/ref=sr_1_455?dchild=1&qid=1591099869&s=grocery&sr=1-455,Amazon
Sorich Organics Quinoa Seeds - Protein Rich Superfood - Pack of Two,499.0,50.0,999.0,4.8,28,https://www.amazon.in/Sorich-Organics-Quinoa-Seeds-Superfood/dp/B07Z5SYB52/ref=sr_1_456?dchild=1&qid=1591099869&s=grocery&sr=1-456,Amazon
Indian Delicacies Rajasthani Moth (Mataki) (400g),149.0,17.0,179.0,5.0,3,https://www.amazon.in/Indian-Delicacies-Rajasthani-Moth-Mataki/dp/B07L7FTDXY/ref=sr_1_457?dchild=1&qid=1591099869&s=grocery&sr=1-457,Amazon
Natureland Organics Panchrangi Dal / Mix Dal 500 Gm - Organic Healthy Pulses,101.0,5.0,107.0,4.0,5,https://www.amazon.in/Natureland-Organics-Panchrangi-Dal-Mix/dp/B07W9CY31M/ref=sr_1_458?dchild=1&qid=1591099869&s=grocery&sr=1-458,Amazon
"Dry Fruit Hub Rajma Red 800gms Kidney Beans, Kashmiri Premium Rajma",290.0,28.0,400.0,3.8,9,https://www.amazon.in/Fruit-800gms-Kidney-Kashmiri-Premium/dp/B07T3S14LX/ref=sr_1_461?dchild=1&qid=1591099869&s=grocery&sr=1-461,Amazon
True Elements Gluten Free Quinoa 1kg (Quinoa 500g * 2),419.0,30.0,600.0,4.2,179,https://www.amazon.in/True-Elements-Gluten-Quinoa-500gx2/dp/B01MZ1E030/ref=sr_1_462?dchild=1&qid=1591099869&s=grocery&sr=1-462,Amazon
Goshudh Sharbati Atta Whole Wheat Flour (1Kg),240.0,20.0,299.0,3.4,8,https://www.amazon.in/Goshudh-Sharbati-Whole-Wheat-Flour/dp/B07ZRKLNXX/ref=sr_1_461?dchild=1&qid=1591099869&s=grocery&sr=1-461,Amazon
Kohinoor Super Value Basmati Rice 1 kg (with Free 20% Extra),148.0,10.0,165.0,4.1,236,https://www.amazon.in/Kohinoor-Super-Value-Basmati-Extra/dp/B01MR82VJA/ref=sr_1_462?dchild=1&qid=1591099869&s=pantry&sr=1-462,Amazon
"B&B Organics Idly Rice, 6 kg",845.0,20.0,1056.0,5.0,3,https://www.amazon.in/Organics-Idly-Rice/dp/B01N634TOA/ref=sr_1_463?dchild=1&qid=1591099869&s=grocery&sr=1-463,Amazon
FOODThink Superfine Wheat Bran Roti/Chapati Mix 400g,75.0,6.0,80.0,4.4,27,https://www.amazon.in/FOODThink-Superfine-Wheat-Bran-Chapati/dp/B07259JJ76/ref=sr_1_464?dchild=1&qid=1591099869&s=grocery&sr=1-464,Amazon
"Natureland Organics Moong Sabut/Whole Daal Pouch, 1 kg",190.0,5.0,200.0,1.0,1,https://www.amazon.in/Natureland-Organics-Moong-Sabut-Whole/dp/B07WCBMRZS/ref=sr_1_465?dchild=1&qid=1591099869&s=grocery&sr=1-465,Amazon
"Naturevibe Botanicals SOYA Flour, 1 kg",280.0,15.0,329.0,3.3,12,https://www.amazon.in/Naturevibe-Botanicals-Organic-Source-Protein/dp/B07VBFY9WS/ref=sr_1_466?dchild=1&qid=1591099869&s=grocery&sr=1-466,Amazon
Organic Purify SABUDANA/SAGOO Dana/Tapioca 400GM,199.0,20.0,250.0,4.0,17,https://www.amazon.in/Organic-Purify-SABUDANA-SAGOO-Tapioca/dp/B07MVJH3CC/ref=sr_1_467?dchild=1&qid=1591099869&s=grocery&sr=1-467,Amazon
"Real Basmati, Broken Basmati Rice, 15 kg",950.0,37.0,1500.0,3.1,8,https://www.amazon.in/Real-Basmati-Broken-Rice-15/dp/B07N8RBKYG/ref=sr_1_468?dchild=1&qid=1591099869&s=grocery&sr=1-468,Amazon
MANGAT RAM SAFED Chana Kabuli 1KG,126.0,10.0,140.0,5.0,3,https://www.amazon.in/MANGAT-RAM-SAFED-Chana-Kabuli/dp/B07YQQMC6Z/ref=sr_1_469?dchild=1&qid=1591099869&s=grocery&sr=1-469,Amazon
"Tohfa Mangatram Masoor Sabut, Small, 1 Kg",125.0,10.0,139.0,4.6,3,https://www.amazon.in/Mangatram-Masoor-Sabut-Small-1kg/dp/B07MB2786C/ref=sr_1_471?dchild=1&qid=1591099869&s=grocery&sr=1-471,Amazon
Kitchenwale Kabuli Chana/White Chole (500g),75.0,58.0,180.0,3.4,3,https://www.amazon.in/Kitchenwale-Kabuli-Chana-White-Chole/dp/B07SYYJ6LD/ref=sr_1_476?dchild=1&qid=1591099869&s=grocery&sr=1-476,Amazon
Dr Gluten Gold Flour Atta (1 Kg),139.0,1.0,140.0,4.2,45,https://www.amazon.in/Dr-Gluten-Gold-Flour-Atta/dp/B01N2I8UAZ/ref=sr_1_477?dchild=1&qid=1591099869&s=grocery&sr=1-477,Amazon
"B&B Organics Finger Millet Ragi, 1 kg",203.0,20.0,254.0,3.6,9,https://www.amazon.in/Organics-Finger-Millet-Ragi-1kg/dp/B07D8YYTXV/ref=sr_1_478?dchild=1&qid=1591099869&s=grocery&sr=1-478,Amazon
"Tathastu Barley Jau Sattu, 500g",185.0,10.0,205.0,3.6,10,https://www.amazon.in/Tathastu-Barley-Jau-Sattu-500g/dp/B06XWCPKHH/ref=sr_1_479?dchild=1&qid=1591099869&s=grocery&sr=1-479,Amazon
"Royal Umbrella 100% Pure Thai Jasmine Rice, 5Kg",1490.0,10.0,1650.0,5.0,1,https://www.amazon.in/Royal-Umbrella-100-Pure-Jasmine/dp/B07ZKQCDND/ref=sr_1_481?dchild=1&qid=1591099869&s=grocery&sr=1-481,Amazon
"Jivabhumi Organic Jowar Flour, 2 kg",299.0,8.0,325.0,3.9,7,https://www.amazon.in/Jivabhumi-Organic-Jowar-Flour/dp/B07HTCQPX7/ref=sr_1_482?dchild=1&qid=1591099869&s=grocery&sr=1-482,Amazon
"ASHOKA Sattu, 200 Grams (Pack of 2)",239.0,29.0,339.0,5.0,1,https://www.amazon.in/Ashoka-Sattu-200-Grams-Pack/dp/B077YBPRXN/ref=sr_1_483?dchild=1&qid=1591099869&s=grocery&sr=1-483,Amazon
Zero-G Gluten-Free Chickpea Flour (Besan) - 500 g Pouch,121.0,10.0,135.0,4.3,10,https://www.amazon.in/Zero-G-Gluten-Free-Chickpea-Flour-Besan/dp/B07TX9FB8S/ref=sr_1_484?dchild=1&qid=1591099869&s=grocery&sr=1-484,Amazon
Dr Gluten Gluten Free Multigrain Gold Flour Atta (2 KG) (Certified Gluten Free),279.0,0.0,280.0,3.7,22,https://www.amazon.in/Dr-Gluten-Free-Flour-Certified/dp/B07XF4VT4G/ref=sr_1_485?dchild=1&qid=1591099869&s=grocery&sr=1-485,Amazon
Ciba Evergreen Masoor Black Dal 500gm (Unpolished Pulses),59.0,24.0,78.0,5.0,3,https://www.amazon.in/Ciba-Masoor-Black-500-GR/dp/B01J3P5DJA/ref=sr_1_486?dchild=1&qid=1591099869&s=grocery&sr=1-486,Amazon
